NNCNo,Sequence,Acylation sites,Protractor,Linker,M26,M27,M28,M29,M30,M31,M32,M33,M26->smiles,M27->smiles,M28->smiles,M29->smiles,M30->smiles,M31->smiles,M32->smiles,M33->smiles,CCK1[pIC50],CCK2[pIC50],CCK1[pIC50] Unit,CCK2[pIC50] Unit
0000-0000-4078,DYMGWMDF,EMPTY,EMPTY,EMPTY,D,Y,M,G,W,M,D,F,[*]N[C@@H](CC(O)=O)C([*])=O,OS(=O)(=O)OC1=CC=C(C[C@H](N[*])C([*])=O)C=C1,CSCC[C@H](N[*])C([*])=O,[*]NCC([*])=O,[*]N[C@@H](Cc1c[nH]c2ccccc12)C([*])=O,CSCC[C@H](N[*])C([*])=O,[*]N[C@@H](CC(O)=O)C([*])=O,[*]N[C@@H](Cc1ccccc1)C([*])=O,9.787734196,-9.380384239,pIC50,pIC50
0000-0000-6136,DYMGWMDF,EMPTY,EMPTY,EMPTY,D,Y.u,M,G,W,M,D,F,[*]N[C@@H](CC(O)=O)C([*])=O,OC1=CC=C(C[C@H](N[*])C([*])=O)C=C1,CSCC[C@H](N[*])C([*])=O,[*]NCC([*])=O,[*]N[C@@H](Cc1c[nH]c2ccccc12)C([*])=O,CSCC[C@H](N[*])C([*])=O,[*]N[C@@H](CC(O)=O)C([*])=O,[*]N[C@@H](Cc1ccccc1)C([*])=O,6.644931794,-8.020603397,pIC50,pIC50
0368-0000-0079,DYAGWADW,N-terminal,C18 diacid,gGlu-2xOEG,D,Y,Nle,G,W,Nle,NmeAsp,W,[*]N[C@@H](CC(O)=O)C([*])=O,OS(=O)(=O)OC1=CC=C(C[C@H](N[*])C([*])=O)C=C1,CCCC[C@H](N[*])C([*])=O,[*]NCC([*])=O,[*]N[C@@H](Cc1c[nH]c2ccccc12)C([*])=O,CCCC[C@H](N[*])C([*])=O,[*]N(C)[C@@H](CC(O)=O)C([*])=O,[*]N[C@@H](Cc1c[nH]c2ccccc12)C([*])=O,8.933469091,-6.152196067,pIC50,pIC50
0368-0000-0077,DYAGWADF,N-terminal,C18 diacid,gGlu-2xOEG,D,Y.u,Nle,G,W,Nle,NmeAsp,NmePhe,[*]N[C@@H](CC(O)=O)C([*])=O,OC1=CC=C(C[C@H](N[*])C([*])=O)C=C1,CCCC[C@H](N[*])C([*])=O,[*]NCC([*])=O,[*]N[C@@H](Cc1c[nH]c2ccccc12)C([*])=O,CCCC[C@H](N[*])C([*])=O,[*]N(C)[C@@H](CC(O)=O)C([*])=O,[*]N(C)[C@@H](Cc1ccccc1)C([*])=O,6.768275617,-4.93717994,pIC50,pIC50
0368-0000-0073,DYAGWKDF,N-terminal,C18 diacid,gGlu-2xOEG,D,Y,Nle,G,W,K.o-tolylcarbamoyl,NmeAsp,NmePhe,[*]N[C@@H](CC(O)=O)C([*])=O,OS(=O)(=O)OC1=CC=C(C[C@H](N[*])C([*])=O)C=C1,CCCC[C@H](N[*])C([*])=O,[*]NCC([*])=O,[*]N[C@@H](Cc1c[nH]c2ccccc12)C([*])=O,[*]N[C@@H](CCCCNC(=O)Nc1c(C)cccc1)C([*])=O,[*]N(C)[C@@H](CC(O)=O)C([*])=O,[*]N(C)[C@@H](Cc1ccccc1)C([*])=O,9.314706219,-4.53253989,pIC50,pIC50
0368-0000-0074,DYAGWKDF,N-terminal,C18 diacid,gGlu-2xOEG,D,Y,Nle,G,W,K.o-tolylcarbamoyl,D,NmePhe,[*]N[C@@H](CC(O)=O)C([*])=O,OS(=O)(=O)OC1=CC=C(C[C@H](N[*])C([*])=O)C=C1,CCCC[C@H](N[*])C([*])=O,[*]NCC([*])=O,[*]N[C@@H](Cc1c[nH]c2ccccc12)C([*])=O,[*]N[C@@H](CCCCNC(=O)Nc1c(C)cccc1)C([*])=O,[*]N[C@@H](CC(O)=O)C([*])=O,[*]N(C)[C@@H](Cc1ccccc1)C([*])=O,9.233289793,-6.320662969,pIC50,pIC50
0368-0000-0108,DYLGWAdF,N-terminal,C18 diacid,gGlu-2xOEG,D,Y,L,G,W,Nle,D-NmeAsp,F,[*]N[C@@H](CC(O)=O)C([*])=O,OS(=O)(=O)OC1=CC=C(C[C@H](N[*])C([*])=O)C=C1,CC(C)C[C@H](N[*])C([*])=O,[*]NCC([*])=O,[*]N[C@@H](Cc1c[nH]c2ccccc12)C([*])=O,CCCC[C@H](N[*])C([*])=O,[*]N(C)[C@H](CC(O)=O)C([*])=O,[*]N[C@@H](Cc1ccccc1)C([*])=O,10.00416014,-5.243947399,pIC50,pIC50
0368-0000-0109,DYAGWAdF,N-terminal,C18 diacid,gGlu-2xOEG,D,Y,Nle,G,W,Nle,D-NmeAsp,NmePhe,[*]N[C@@H](CC(O)=O)C([*])=O,OS(=O)(=O)OC1=CC=C(C[C@H](N[*])C([*])=O)C=C1,CCCC[C@H](N[*])C([*])=O,[*]NCC([*])=O,[*]N[C@@H](Cc1c[nH]c2ccccc12)C([*])=O,CCCC[C@H](N[*])C([*])=O,[*]N(C)[C@H](CC(O)=O)C([*])=O,[*]N(C)[C@@H](Cc1ccccc1)C([*])=O,10.21183163,-5.747268297,pIC50,pIC50
0368-0000-0110,DYLGWAdF,N-terminal,C18 diacid,gGlu-2xOEG,D,Y,L,G,W,Nle,D-NmeAsp,NmePhe,[*]N[C@@H](CC(O)=O)C([*])=O,OS(=O)(=O)OC1=CC=C(C[C@H](N[*])C([*])=O)C=C1,CC(C)C[C@H](N[*])C([*])=O,[*]NCC([*])=O,[*]N[C@@H](Cc1c[nH]c2ccccc12)C([*])=O,CCCC[C@H](N[*])C([*])=O,[*]N(C)[C@H](CC(O)=O)C([*])=O,[*]N(C)[C@@H](Cc1ccccc1)C([*])=O,10.12010168,-5.336723213,pIC50,pIC50
0368-0000-0111,DYLGWADF,N-terminal,C18 diacid,gGlu-2xOEG,D,Y,L,G,W,Nle,NmeAsp,NmePhe,[*]N[C@@H](CC(O)=O)C([*])=O,OS(=O)(=O)OC1=CC=C(C[C@H](N[*])C([*])=O)C=C1,CC(C)C[C@H](N[*])C([*])=O,[*]NCC([*])=O,[*]N[C@@H](Cc1c[nH]c2ccccc12)C([*])=O,CCCC[C@H](N[*])C([*])=O,[*]N(C)[C@@H](CC(O)=O)C([*])=O,[*]N(C)[C@@H](Cc1ccccc1)C([*])=O,9.648848143,-6.577820685,pIC50,pIC50
0368-0000-0103,DFLGWADF,N-terminal,C18 diacid,gGlu-2xOEG,D,F.sulfomethyl,L,G,W,Nle,NmeAsp,NmePhe,[*]N[C@@H](CC(O)=O)C([*])=O,[*]N[C@@H](Cc1ccc(CS(=O)(=O)O)cc1)C([*])=O,CC(C)C[C@H](N[*])C([*])=O,[*]NCC([*])=O,[*]N[C@@H](Cc1c[nH]c2ccccc12)C([*])=O,CCCC[C@H](N[*])C([*])=O,[*]N(C)[C@@H](CC(O)=O)C([*])=O,[*]N(C)[C@@H](Cc1ccccc1)C([*])=O,9.521000868,-6.555877101,pIC50,pIC50
0368-0000-0104,DFLGWADF,N-terminal,C16 diacid,gGlu-2xOEG,D,F.sulfomethyl,L,G,W,Nle,NmeAsp,NmePhe,[*]N[C@@H](CC(O)=O)C([*])=O,[*]N[C@@H](Cc1ccc(CS(=O)(=O)O)cc1)C([*])=O,CC(C)C[C@H](N[*])C([*])=O,[*]NCC([*])=O,[*]N[C@@H](Cc1c[nH]c2ccccc12)C([*])=O,CCCC[C@H](N[*])C([*])=O,[*]N(C)[C@@H](CC(O)=O)C([*])=O,[*]N(C)[C@@H](Cc1ccccc1)C([*])=O,9.085842026,-5.39135899,pIC50,pIC50
0368-0000-0021,DYAGWADF,EMPTY,EMPTY,EMPTY,D,Y,Nle,G,W,Nle,D,F,[*]N[C@@H](CC(O)=O)C([*])=O,OS(=O)(=O)OC1=CC=C(C[C@H](N[*])C([*])=O)C=C1,CCCC[C@H](N[*])C([*])=O,[*]NCC([*])=O,[*]N[C@@H](Cc1c[nH]c2ccccc12)C([*])=O,CCCC[C@H](N[*])C([*])=O,[*]N[C@@H](CC(O)=O)C([*])=O,[*]N[C@@H](Cc1ccccc1)C([*])=O,9.949749172,-9.624031725,pIC50,pIC50
0368-0000-0022,DYAGWADF,N-terminal,C18 diacid,4xgGlu-2xOEG,D,Y,Nle,G,W,Nle,D,F,[*]N[C@@H](CC(O)=O)C([*])=O,OS(=O)(=O)OC1=CC=C(C[C@H](N[*])C([*])=O)C=C1,CCCC[C@H](N[*])C([*])=O,[*]NCC([*])=O,[*]N[C@@H](Cc1c[nH]c2ccccc12)C([*])=O,CCCC[C@H](N[*])C([*])=O,[*]N[C@@H](CC(O)=O)C([*])=O,[*]N[C@@H](Cc1ccccc1)C([*])=O,9.746985251,-9.864549301,pIC50,pIC50
0368-0000-0015,DYAGWADF,N-terminal,C18 diacid,gGlu-2xOEG,D,Y,Nle,G,W,Nle,NmeAsp,F,[*]N[C@@H](CC(O)=O)C([*])=O,OS(=O)(=O)OC1=CC=C(C[C@H](N[*])C([*])=O)C=C1,CCCC[C@H](N[*])C([*])=O,[*]NCC([*])=O,[*]N[C@@H](Cc1c[nH]c2ccccc12)C([*])=O,CCCC[C@H](N[*])C([*])=O,[*]N(C)[C@@H](CC(O)=O)C([*])=O,[*]N[C@@H](Cc1ccccc1)C([*])=O,10.30143553,-7.082704599,pIC50,pIC50
0368-0000-0016,DYLGWADF,N-terminal,C18 diacid,gGlu-2xOEG,D,Y,L,G,W,Nle,NmeAsp,F,[*]N[C@@H](CC(O)=O)C([*])=O,OS(=O)(=O)OC1=CC=C(C[C@H](N[*])C([*])=O)C=C1,CC(C)C[C@H](N[*])C([*])=O,[*]NCC([*])=O,[*]N[C@@H](Cc1c[nH]c2ccccc12)C([*])=O,CCCC[C@H](N[*])C([*])=O,[*]N(C)[C@@H](CC(O)=O)C([*])=O,[*]N[C@@H](Cc1ccccc1)C([*])=O,10.01124044,-6.58943364,pIC50,pIC50
0368-0000-0020,DYAGWADF,N-terminal,C18 diacid,gGlu-2xOEG,D,Y.u.phosphoryl,Nle,G,W,Nle,D,F,[*]N[C@@H](CC(O)=O)C([*])=O,OP(O)(=O)OC1=CC=C(C[C@H](N[*])C([*])=O)C=C1,CCCC[C@H](N[*])C([*])=O,[*]NCC([*])=O,[*]N[C@@H](Cc1c[nH]c2ccccc12)C([*])=O,CCCC[C@H](N[*])C([*])=O,[*]N[C@@H](CC(O)=O)C([*])=O,[*]N[C@@H](Cc1ccccc1)C([*])=O,7.412326443,-8.716472635,pIC50,pIC50
0368-0000-0099,DYAGWADF,N-terminal,C18 diacid,gGlu-2xOEG,D,Y,Nle,G,W,Nle,NmeAsp,4-F-Phe,[*]N[C@@H](CC(O)=O)C([*])=O,OS(=O)(=O)OC1=CC=C(C[C@H](N[*])C([*])=O)C=C1,CCCC[C@H](N[*])C([*])=O,[*]NCC([*])=O,[*]N[C@@H](Cc1c[nH]c2ccccc12)C([*])=O,CCCC[C@H](N[*])C([*])=O,[*]N(C)[C@@H](CC(O)=O)C([*])=O,FC1=CC=C(C[C@H](N[*])C([*])=O)C=C1,10.39924485,-7.388559943,pIC50,pIC50
0368-0000-0100,DYAGWADF,N-terminal,C18 diacid,gGlu-2xOEG,D,Y,Nle,G,W,Nle,NmeAsp,2-Nal,[*]N[C@@H](CC(O)=O)C([*])=O,OS(=O)(=O)OC1=CC=C(C[C@H](N[*])C([*])=O)C=C1,CCCC[C@H](N[*])C([*])=O,[*]NCC([*])=O,[*]N[C@@H](Cc1c[nH]c2ccccc12)C([*])=O,CCCC[C@H](N[*])C([*])=O,[*]N(C)[C@@H](CC(O)=O)C([*])=O,[*]N[C@@H](CC1=CC=C2C=CC=CC2=C1)C([*])=O,9.824294952,-7.178770417,pIC50,pIC50
0368-0000-0101,DYAGWADF,N-terminal,C18 diacid,gGlu-2xOEG,D,Y,Nle,G,W,Nle,NmeAsp,4-I-Phe,[*]N[C@@H](CC(O)=O)C([*])=O,OS(=O)(=O)OC1=CC=C(C[C@H](N[*])C([*])=O)C=C1,CCCC[C@H](N[*])C([*])=O,[*]NCC([*])=O,[*]N[C@@H](Cc1c[nH]c2ccccc12)C([*])=O,CCCC[C@H](N[*])C([*])=O,[*]N(C)[C@@H](CC(O)=O)C([*])=O,IC1=CC=C(C[C@H](N[*])C([*])=O)C=C1,9.316082842,-6.373385932,pIC50,pIC50
0368-0000-0102,DYAGWADF,N-terminal,C18 diacid,gGlu-2xOEG,D,Y,Nle,G,W,Nle,NmeAsp,F.methyl,[*]N[C@@H](CC(O)=O)C([*])=O,OS(=O)(=O)OC1=CC=C(C[C@H](N[*])C([*])=O)C=C1,CCCC[C@H](N[*])C([*])=O,[*]NCC([*])=O,[*]N[C@@H](Cc1c[nH]c2ccccc12)C([*])=O,CCCC[C@H](N[*])C([*])=O,[*]N(C)[C@@H](CC(O)=O)C([*])=O,[*]N[C@@H](Cc1ccc(C)cc1)C([*])=O,9.781464495,-7.016945331,pIC50,pIC50
0368-0000-0010,DYAGWAdF,N-terminal,C18 diacid,gGlu-2xOEG,D,Y,Nle,G,W,Nle,d,NmePhe,[*]N[C@@H](CC(O)=O)C([*])=O,OS(=O)(=O)OC1=CC=C(C[C@H](N[*])C([*])=O)C=C1,CCCC[C@H](N[*])C([*])=O,[*]NCC([*])=O,[*]N[C@@H](Cc1c[nH]c2ccccc12)C([*])=O,CCCC[C@H](N[*])C([*])=O,OC(=O)C[C@@H](N[*])C([*])=O,[*]N(C)[C@@H](Cc1ccccc1)C([*])=O,9.54058238,-7.180072388,pIC50,pIC50
0368-0000-0009,DYAGWADF,N-terminal,C18 diacid,gGlu-2xOEG,D,Y,Nle,G,W,Nle,NmeAsp,NmePhe,[*]N[C@@H](CC(O)=O)C([*])=O,OS(=O)(=O)OC1=CC=C(C[C@H](N[*])C([*])=O)C=C1,CCCC[C@H](N[*])C([*])=O,[*]NCC([*])=O,[*]N[C@@H](Cc1c[nH]c2ccccc12)C([*])=O,CCCC[C@H](N[*])C([*])=O,[*]N(C)[C@@H](CC(O)=O)C([*])=O,[*]N(C)[C@@H](Cc1ccccc1)C([*])=O,9.667628878,-6.542118103,pIC50,pIC50
0368-0000-0013,DYAGWKDF,N-terminal,C18 diacid,gGlu-2xOEG,D,Y,Nle,G,W,K.benzoyl,D,NmePhe,[*]N[C@@H](CC(O)=O)C([*])=O,OS(=O)(=O)OC1=CC=C(C[C@H](N[*])C([*])=O)C=C1,CCCC[C@H](N[*])C([*])=O,[*]NCC([*])=O,[*]N[C@@H](Cc1c[nH]c2ccccc12)C([*])=O,[*]N[C@@H](CCCCNC(=O)c1ccccc1)C([*])=O,[*]N[C@@H](CC(O)=O)C([*])=O,[*]N(C)[C@@H](Cc1ccccc1)C([*])=O,7.296107046,-6.470398563,pIC50,pIC50
0368-0000-0008,DYAGWKDF,N-terminal,C18 diacid,gGlu-2xOEG,D,Y,Nle,G,W,K.benzoyl,NmeAsp,F,[*]N[C@@H](CC(O)=O)C([*])=O,OS(=O)(=O)OC1=CC=C(C[C@H](N[*])C([*])=O)C=C1,CCCC[C@H](N[*])C([*])=O,[*]NCC([*])=O,[*]N[C@@H](Cc1c[nH]c2ccccc12)C([*])=O,[*]N[C@@H](CCCCNC(=O)c1ccccc1)C([*])=O,[*]N(C)[C@@H](CC(O)=O)C([*])=O,[*]N[C@@H](Cc1ccccc1)C([*])=O,7.587315503,-5.222353065,pIC50,pIC50
0368-0000-0064,DYFGWADF,N-terminal,C18 diacid,gGlu-2xOEG,D,Y,F,G,W,Nle,D,F,[*]N[C@@H](CC(O)=O)C([*])=O,OS(=O)(=O)OC1=CC=C(C[C@H](N[*])C([*])=O)C=C1,[*]N[C@@H](Cc1ccccc1)C([*])=O,[*]NCC([*])=O,[*]N[C@@H](Cc1c[nH]c2ccccc12)C([*])=O,CCCC[C@H](N[*])C([*])=O,[*]N[C@@H](CC(O)=O)C([*])=O,[*]N[C@@H](Cc1ccccc1)C([*])=O,9.6586974,-9.817395159,pIC50,pIC50
0368-0000-0065,DYAGWADF,N-terminal,C18 diacid,gGlu-2xOEG,D,Y,A,G,W,Nle,D,F,[*]N[C@@H](CC(O)=O)C([*])=O,OS(=O)(=O)OC1=CC=C(C[C@H](N[*])C([*])=O)C=C1,C[C@H](N[*])C([*])=O,[*]NCC([*])=O,[*]N[C@@H](Cc1c[nH]c2ccccc12)C([*])=O,CCCC[C@H](N[*])C([*])=O,[*]N[C@@H](CC(O)=O)C([*])=O,[*]N[C@@H](Cc1ccccc1)C([*])=O,9.451856363,-9.711899888,pIC50,pIC50
0368-0000-0066,DYIGWADF,N-terminal,C18 diacid,gGlu-2xOEG,D,Y,I,G,W,Nle,D,F,[*]N[C@@H](CC(O)=O)C([*])=O,OS(=O)(=O)OC1=CC=C(C[C@H](N[*])C([*])=O)C=C1,CC[C@H](C)[C@H](N[*])C([*])=O,[*]NCC([*])=O,[*]N[C@@H](Cc1c[nH]c2ccccc12)C([*])=O,CCCC[C@H](N[*])C([*])=O,[*]N[C@@H](CC(O)=O)C([*])=O,[*]N[C@@H](Cc1ccccc1)C([*])=O,9.798693932,-9.715118285,pIC50,pIC50
0368-0000-0067,DYSGWADF,N-terminal,C18 diacid,gGlu-2xOEG,D,Y,S,G,W,Nle,D,F,[*]N[C@@H](CC(O)=O)C([*])=O,OS(=O)(=O)OC1=CC=C(C[C@H](N[*])C([*])=O)C=C1,[*]N[C@@H](CO)C([*])=O,[*]NCC([*])=O,[*]N[C@@H](Cc1c[nH]c2ccccc12)C([*])=O,CCCC[C@H](N[*])C([*])=O,[*]N[C@@H](CC(O)=O)C([*])=O,[*]N[C@@H](Cc1ccccc1)C([*])=O,9.510463371,-9.804931004,pIC50,pIC50
0368-0000-0069,DYKGWADF,N-terminal,C18 diacid,gGlu-2xOEG,D,Y,K,G,W,Nle,D,F,[*]N[C@@H](CC(O)=O)C([*])=O,OS(=O)(=O)OC1=CC=C(C[C@H](N[*])C([*])=O)C=C1,[*]N[C@@H](CCCCN)C([*])=O,[*]NCC([*])=O,[*]N[C@@H](Cc1c[nH]c2ccccc12)C([*])=O,CCCC[C@H](N[*])C([*])=O,[*]N[C@@H](CC(O)=O)C([*])=O,[*]N[C@@H](Cc1ccccc1)C([*])=O,9.080961153,-9.330001679,pIC50,pIC50
0368-0000-0057,DFAGWADF,N-terminal,C18 diacid,gGlu-2xOEG,D,F.sulfomethyl,Nle,G,W,Nle,NmeAsp,NmePhe,[*]N[C@@H](CC(O)=O)C([*])=O,[*]N[C@@H](Cc1ccc(CS(=O)(=O)O)cc1)C([*])=O,CCCC[C@H](N[*])C([*])=O,[*]NCC([*])=O,[*]N[C@@H](Cc1c[nH]c2ccccc12)C([*])=O,CCCC[C@H](N[*])C([*])=O,[*]N(C)[C@@H](CC(O)=O)C([*])=O,[*]N(C)[C@@H](Cc1ccccc1)C([*])=O,9.334338616,-5.09989829,pIC50,pIC50
0368-0000-0056,DFAGWAdF,N-terminal,C18 diacid,gGlu-2xOEG,D,F.sulfomethyl,Nle,G,W,Nle,D-NmeAsp,NmePhe,[*]N[C@@H](CC(O)=O)C([*])=O,[*]N[C@@H](Cc1ccc(CS(=O)(=O)O)cc1)C([*])=O,CCCC[C@H](N[*])C([*])=O,[*]NCC([*])=O,[*]N[C@@H](Cc1c[nH]c2ccccc12)C([*])=O,CCCC[C@H](N[*])C([*])=O,[*]N(C)[C@H](CC(O)=O)C([*])=O,[*]N(C)[C@@H](Cc1ccccc1)C([*])=O,10.0339375,-4.14362612,pIC50,pIC50
0368-0000-0058,DYAGWIDF,N-terminal,C18 diacid,gGlu-2xOEG,D,Y,Nle,G,W,I,D,F,[*]N[C@@H](CC(O)=O)C([*])=O,OS(=O)(=O)OC1=CC=C(C[C@H](N[*])C([*])=O)C=C1,CCCC[C@H](N[*])C([*])=O,[*]NCC([*])=O,[*]N[C@@H](Cc1c[nH]c2ccccc12)C([*])=O,CC[C@H](C)[C@H](N[*])C([*])=O,[*]N[C@@H](CC(O)=O)C([*])=O,[*]N[C@@H](Cc1ccccc1)C([*])=O,9.100945932,-8.66830283,pIC50,pIC50
0368-0000-0061,DYLGWADF,N-terminal,C18 diacid,gGlu-2xOEG,D,Y,L,G,W,Nle,D,F,[*]N[C@@H](CC(O)=O)C([*])=O,OS(=O)(=O)OC1=CC=C(C[C@H](N[*])C([*])=O)C=C1,CC(C)C[C@H](N[*])C([*])=O,[*]NCC([*])=O,[*]N[C@@H](Cc1c[nH]c2ccccc12)C([*])=O,CCCC[C@H](N[*])C([*])=O,[*]N[C@@H](CC(O)=O)C([*])=O,[*]N[C@@H](Cc1ccccc1)C([*])=O,9.542610179,-9.754240644,pIC50,pIC50
0368-0000-0092,DYLGWADF,N-terminal,C18 diacid,gGlu-2xOEG,D,Y,L,G,W,Nle,NmeAsp,1-Nal.methyl,[*]N[C@@H](CC(O)=O)C([*])=O,OS(=O)(=O)OC1=CC=C(C[C@H](N[*])C([*])=O)C=C1,CC(C)C[C@H](N[*])C([*])=O,[*]NCC([*])=O,[*]N[C@@H](Cc1c[nH]c2ccccc12)C([*])=O,CCCC[C@H](N[*])C([*])=O,[*]N(C)[C@@H](CC(O)=O)C([*])=O,[*]N(C)[C@@H](CC1=CC=CC2=CC=CC=C12)C([*])=O,9.87470583,-6.180456064,pIC50,pIC50
0368-0000-0093,DYAGWADF,N-terminal,C18 diacid,gGlu-2xOEG,D,Y,Nle,G,W,Nle,NmeAsp,4-Cl-Phe,[*]N[C@@H](CC(O)=O)C([*])=O,OS(=O)(=O)OC1=CC=C(C[C@H](N[*])C([*])=O)C=C1,CCCC[C@H](N[*])C([*])=O,[*]NCC([*])=O,[*]N[C@@H](Cc1c[nH]c2ccccc12)C([*])=O,CCCC[C@H](N[*])C([*])=O,[*]N(C)[C@@H](CC(O)=O)C([*])=O,ClC1=CC=C(C[C@H](N[*])C([*])=O)C=C1,10.13114013,-7.204931423,pIC50,pIC50
0368-0000-0094,DFLGWADF,N-terminal,C18 diacid,gGlu-2xOEG,D,F.sulfomethyl,L,G,W,Nle,D,F,[*]N[C@@H](CC(O)=O)C([*])=O,[*]N[C@@H](Cc1ccc(CS(=O)(=O)O)cc1)C([*])=O,CC(C)C[C@H](N[*])C([*])=O,[*]NCC([*])=O,[*]N[C@@H](Cc1c[nH]c2ccccc12)C([*])=O,CCCC[C@H](N[*])C([*])=O,[*]N[C@@H](CC(O)=O)C([*])=O,[*]N[C@@H](Cc1ccccc1)C([*])=O,9.590404981,-9.019342269,pIC50,pIC50
0368-0000-0095,DFLGWAdF,N-terminal,C18 diacid,gGlu-2xOEG,D,F.sulfomethyl,L,G,W,Nle,D-NmeAsp,NmePhe,[*]N[C@@H](CC(O)=O)C([*])=O,[*]N[C@@H](Cc1ccc(CS(=O)(=O)O)cc1)C([*])=O,CC(C)C[C@H](N[*])C([*])=O,[*]NCC([*])=O,[*]N[C@@H](Cc1c[nH]c2ccccc12)C([*])=O,CCCC[C@H](N[*])C([*])=O,[*]N(C)[C@H](CC(O)=O)C([*])=O,[*]N(C)[C@@H](Cc1ccccc1)C([*])=O,10.10732116,-4.965023377,pIC50,pIC50
0368-0000-0096,DFLGWAdF,N-terminal,C16 diacid,gGlu-2xOEG,D,F.sulfomethyl,L,G,W,Nle,D-NmeAsp,NmePhe,[*]N[C@@H](CC(O)=O)C([*])=O,[*]N[C@@H](Cc1ccc(CS(=O)(=O)O)cc1)C([*])=O,CC(C)C[C@H](N[*])C([*])=O,[*]NCC([*])=O,[*]N[C@@H](Cc1c[nH]c2ccccc12)C([*])=O,CCCC[C@H](N[*])C([*])=O,[*]N(C)[C@H](CC(O)=O)C([*])=O,[*]N(C)[C@@H](Cc1ccccc1)C([*])=O,9.694791986,-4.408684911,pIC50,pIC50
0368-0000-0055,DYAGWAdF,N-terminal,C18 diacid,gGlu-2xOEG,D,Y,Nle,G,W,Nle,D-NmeAsp,1-Nal,[*]N[C@@H](CC(O)=O)C([*])=O,OS(=O)(=O)OC1=CC=C(C[C@H](N[*])C([*])=O)C=C1,CCCC[C@H](N[*])C([*])=O,[*]NCC([*])=O,[*]N[C@@H](Cc1c[nH]c2ccccc12)C([*])=O,CCCC[C@H](N[*])C([*])=O,[*]N(C)[C@H](CC(O)=O)C([*])=O,[*]N[C@@H](CC1=CC=CC2=CC=CC=C12)C([*])=O,10.07291721,-5.976566451,pIC50,pIC50
0368-0000-0049,DYAGWADF,N-terminal,C18 diacid,gGlu-2xOEG,D,Y,Nle,G,W,Nle,D,1-Nal,[*]N[C@@H](CC(O)=O)C([*])=O,OS(=O)(=O)OC1=CC=C(C[C@H](N[*])C([*])=O)C=C1,CCCC[C@H](N[*])C([*])=O,[*]NCC([*])=O,[*]N[C@@H](Cc1c[nH]c2ccccc12)C([*])=O,CCCC[C@H](N[*])C([*])=O,[*]N[C@@H](CC(O)=O)C([*])=O,[*]N[C@@H](CC1=CC=CC2=CC=CC=C12)C([*])=O,10.11764625,-10.03153262,pIC50,pIC50
0368-0000-0050,DYAGWADF,N-terminal,C18 diacid,gGlu-2xOEG,D,Y,Nle,G,W,Nle,NmeAsp,1-Nal,[*]N[C@@H](CC(O)=O)C([*])=O,OS(=O)(=O)OC1=CC=C(C[C@H](N[*])C([*])=O)C=C1,CCCC[C@H](N[*])C([*])=O,[*]NCC([*])=O,[*]N[C@@H](Cc1c[nH]c2ccccc12)C([*])=O,CCCC[C@H](N[*])C([*])=O,[*]N(C)[C@@H](CC(O)=O)C([*])=O,[*]N[C@@H](CC1=CC=CC2=CC=CC=C12)C([*])=O,10.03358838,-6.912626812,pIC50,pIC50
0368-0000-0038,DYAGWADW,N-terminal,C18 diacid,gGlu-2xOEG,D,Y,Nle,G,W,Nle,D,W,[*]N[C@@H](CC(O)=O)C([*])=O,OS(=O)(=O)OC1=CC=C(C[C@H](N[*])C([*])=O)C=C1,CCCC[C@H](N[*])C([*])=O,[*]NCC([*])=O,[*]N[C@@H](Cc1c[nH]c2ccccc12)C([*])=O,CCCC[C@H](N[*])C([*])=O,[*]N[C@@H](CC(O)=O)C([*])=O,[*]N[C@@H](Cc1c[nH]c2ccccc12)C([*])=O,8.633328056,-9.871923987,pIC50,pIC50
0368-0000-0041,DYAGWAdW,N-terminal,C18 diacid,gGlu-2xOEG,D,Y,Nle,G,W,Nle,D-NmeAsp,W,[*]N[C@@H](CC(O)=O)C([*])=O,OS(=O)(=O)OC1=CC=C(C[C@H](N[*])C([*])=O)C=C1,CCCC[C@H](N[*])C([*])=O,[*]NCC([*])=O,[*]N[C@@H](Cc1c[nH]c2ccccc12)C([*])=O,CCCC[C@H](N[*])C([*])=O,[*]N(C)[C@H](CC(O)=O)C([*])=O,[*]N[C@@H](Cc1c[nH]c2ccccc12)C([*])=O,8.92138008,-5.481354476,pIC50,pIC50
0368-0000-0042,DYAGWFDF,N-terminal,C18 diacid,gGlu-2xOEG,D,Y,Nle,G,W,F,D,F,[*]N[C@@H](CC(O)=O)C([*])=O,OS(=O)(=O)OC1=CC=C(C[C@H](N[*])C([*])=O)C=C1,CCCC[C@H](N[*])C([*])=O,[*]NCC([*])=O,[*]N[C@@H](Cc1c[nH]c2ccccc12)C([*])=O,[*]N[C@@H](Cc1ccccc1)C([*])=O,[*]N[C@@H](CC(O)=O)C([*])=O,[*]N[C@@H](Cc1ccccc1)C([*])=O,7.365623506,-7.625434939,pIC50,pIC50
0368-0000-0048,DYAGWAPF,N-terminal,C18 diacid,gGlu-2xOEG,D,Y,Nle,G,W,Nle,Hyp,F,[*]N[C@@H](CC(O)=O)C([*])=O,OS(=O)(=O)OC1=CC=C(C[C@H](N[*])C([*])=O)C=C1,CCCC[C@H](N[*])C([*])=O,[*]NCC([*])=O,[*]N[C@@H](Cc1c[nH]c2ccccc12)C([*])=O,CCCC[C@H](N[*])C([*])=O,[*]N1C[C@@H](C[C@H]1C([*])=O)O,[*]N[C@@H](Cc1ccccc1)C([*])=O,8.505938214,-6.3400838,pIC50,pIC50
0368-0000-0205,DyKGWAdF,28K,C18 diacid,gGlu-2xOEG,D,y,K,G,W,Nle,D-NmeAsp,NmePhe,[*]N[C@@H](CC(O)=O)C([*])=O,OC1=CC=C(C[C@@H](N[*])C([*])=O)C=C1,[*]N[C@@H](CCCCN)C([*])=O,[*]NCC([*])=O,[*]N[C@@H](Cc1c[nH]c2ccccc12)C([*])=O,CCCC[C@H](N[*])C([*])=O,[*]N(C)[C@H](CC(O)=O)C([*])=O,[*]N(C)[C@@H](Cc1ccccc1)C([*])=O,7.886223716,-4.785023765,pIC50,pIC50
0368-0000-0206,DyLGWQdF,N-terminal,C18 diacid,gGlu-2xOEG,D,y,L,G,W,Q,D-NmeAsp,NmePhe,[*]N[C@@H](CC(O)=O)C([*])=O,OC1=CC=C(C[C@@H](N[*])C([*])=O)C=C1,CC(C)C[C@H](N[*])C([*])=O,[*]NCC([*])=O,[*]N[C@@H](Cc1c[nH]c2ccccc12)C([*])=O,NC(=O)CC[C@H](N[*])C([*])=O,[*]N(C)[C@H](CC(O)=O)C([*])=O,[*]N(C)[C@@H](Cc1ccccc1)C([*])=O,6.364918564,-4.448306085,pIC50,pIC50
0368-0000-0207,DFLGWAdF,N-terminal,C18 diacid,gGlu-2xOEG,D,F,L,G,W,Nle,D-NmeAsp,NmePhe,[*]N[C@@H](CC(O)=O)C([*])=O,[*]N[C@@H](Cc1ccccc1)C([*])=O,CC(C)C[C@H](N[*])C([*])=O,[*]NCC([*])=O,[*]N[C@@H](Cc1c[nH]c2ccccc12)C([*])=O,CCCC[C@H](N[*])C([*])=O,[*]N(C)[C@H](CC(O)=O)C([*])=O,[*]N(C)[C@@H](Cc1ccccc1)C([*])=O,8.238166094,-4.611425195,pIC50,pIC50
0368-0000-0208,DWLGWAdF,N-terminal,C18 diacid,gGlu-2xOEG,D,W,L,G,W,Nle,D-NmeAsp,NmePhe,[*]N[C@@H](CC(O)=O)C([*])=O,[*]N[C@@H](Cc1c[nH]c2ccccc12)C([*])=O,CC(C)C[C@H](N[*])C([*])=O,[*]NCC([*])=O,[*]N[C@@H](Cc1c[nH]c2ccccc12)C([*])=O,CCCC[C@H](N[*])C([*])=O,[*]N(C)[C@H](CC(O)=O)C([*])=O,[*]N(C)[C@@H](Cc1ccccc1)C([*])=O,8.563625295,-5.111839234,pIC50,pIC50
0368-0000-0209,DILGWAdF,N-terminal,C18 diacid,gGlu-2xOEG,D,I,L,G,W,Nle,D-NmeAsp,NmePhe,[*]N[C@@H](CC(O)=O)C([*])=O,CC[C@H](C)[C@H](N[*])C([*])=O,CC(C)C[C@H](N[*])C([*])=O,[*]NCC([*])=O,[*]N[C@@H](Cc1c[nH]c2ccccc12)C([*])=O,CCCC[C@H](N[*])C([*])=O,[*]N(C)[C@H](CC(O)=O)C([*])=O,[*]N(C)[C@@H](Cc1ccccc1)C([*])=O,8.37035259,-4.550059011,pIC50,pIC50
0368-0000-0204,DyLGWAdF,N-terminal,C18 diacid,gGlu-2xOEG,D,y,L,G,W,Nle,D-NmeAsp,NmePhe,[*]N[C@@H](CC(O)=O)C([*])=O,OC1=CC=C(C[C@@H](N[*])C([*])=O)C=C1,CC(C)C[C@H](N[*])C([*])=O,[*]NCC([*])=O,[*]N[C@@H](Cc1c[nH]c2ccccc12)C([*])=O,CCCC[C@H](N[*])C([*])=O,[*]N(C)[C@H](CC(O)=O)C([*])=O,[*]N(C)[C@@H](Cc1ccccc1)C([*])=O,7.830031826,-4.743643114,pIC50,pIC50
0090-0000-2145,DYAGWADF,N-terminal,C18 diacid,gGlu-2xOEG,D,Y,Nle,G,W,Nle,D,F,[*]N[C@@H](CC(O)=O)C([*])=O,OS(=O)(=O)OC1=CC=C(C[C@H](N[*])C([*])=O)C=C1,CCCC[C@H](N[*])C([*])=O,[*]NCC([*])=O,[*]N[C@@H](Cc1c[nH]c2ccccc12)C([*])=O,CCCC[C@H](N[*])C([*])=O,[*]N[C@@H](CC(O)=O)C([*])=O,[*]N[C@@H](Cc1ccccc1)C([*])=O,9.516687344,-9.668977829,pIC50,pIC50
0368-0000-0087,DYLGWAGF,N-terminal,C18 diacid,gGlu-2xOEG,D,Y,L,G,W,Nle,NmeGly,1-Nal,[*]N[C@@H](CC(O)=O)C([*])=O,OS(=O)(=O)OC1=CC=C(C[C@H](N[*])C([*])=O)C=C1,CC(C)C[C@H](N[*])C([*])=O,[*]NCC([*])=O,[*]N[C@@H](Cc1c[nH]c2ccccc12)C([*])=O,CCCC[C@H](N[*])C([*])=O,[*]N(C)CC([*])=O,[*]N[C@@H](CC1=CC=CC2=CC=CC=C12)C([*])=O,8.698897628,-6.105924047,pIC50,pIC50
0368-0000-0088,DYLGWAdF,N-terminal,C18 diacid,gGlu-2xOEG,D,Y,L,G,W,Nle,D-NmeAsp,1-Nal.methyl,[*]N[C@@H](CC(O)=O)C([*])=O,OS(=O)(=O)OC1=CC=C(C[C@H](N[*])C([*])=O)C=C1,CC(C)C[C@H](N[*])C([*])=O,[*]NCC([*])=O,[*]N[C@@H](Cc1c[nH]c2ccccc12)C([*])=O,CCCC[C@H](N[*])C([*])=O,[*]N(C)[C@H](CC(O)=O)C([*])=O,[*]N(C)[C@@H](CC1=CC=CC2=CC=CC=C12)C([*])=O,10.36217684,-5.682981899,pIC50,pIC50
0368-0000-0189,DYKGWAdF,28K,C18 diacid,gGlu-2xOEG,D,Y,K,G,W,Nle,D-NmeAsp,NmePhe,[*]N[C@@H](CC(O)=O)C([*])=O,OS(=O)(=O)OC1=CC=C(C[C@H](N[*])C([*])=O)C=C1,[*]N[C@@H](CCCCN)C([*])=O,[*]NCC([*])=O,[*]N[C@@H](Cc1c[nH]c2ccccc12)C([*])=O,CCCC[C@H](N[*])C([*])=O,[*]N(C)[C@H](CC(O)=O)C([*])=O,[*]N(C)[C@@H](Cc1ccccc1)C([*])=O,10.19241988,-6.23143589,pIC50,pIC50
0368-0000-0033,DYAGWKDF,N-terminal,C18 diacid,gGlu-2xOEG,D,Y.u,Nle,G,W,K.o-tolylcarbamoyl,D,NmePhe,[*]N[C@@H](CC(O)=O)C([*])=O,OC1=CC=C(C[C@H](N[*])C([*])=O)C=C1,CCCC[C@H](N[*])C([*])=O,[*]NCC([*])=O,[*]N[C@@H](Cc1c[nH]c2ccccc12)C([*])=O,[*]N[C@@H](CCCCNC(=O)Nc1c(C)cccc1)C([*])=O,[*]N[C@@H](CC(O)=O)C([*])=O,[*]N(C)[C@@H](Cc1ccccc1)C([*])=O,9.465085896,-6.11315221,pIC50,pIC50
0368-0000-4033,DYLGWLdF,EMPTY,EMPTY,EMPTY,D,Y,L,G,W,L,D-NmeAsp,NmePhe,[*]N[C@@H](CC(O)=O)C([*])=O,OS(=O)(=O)OC1=CC=C(C[C@H](N[*])C([*])=O)C=C1,CC(C)C[C@H](N[*])C([*])=O,[*]NCC([*])=O,[*]N[C@@H](Cc1c[nH]c2ccccc12)C([*])=O,CC(C)C[C@H](N[*])C([*])=O,[*]N(C)[C@H](CC(O)=O)C([*])=O,[*]N(C)[C@@H](Cc1ccccc1)C([*])=O,10.38024599,-4.735024852,pIC50,pIC50
0368-0000-4030,DYLGWIdF,EMPTY,EMPTY,EMPTY,D,Y,L,G,W,I,D-NmeAsp,NmePhe,[*]N[C@@H](CC(O)=O)C([*])=O,OS(=O)(=O)OC1=CC=C(C[C@H](N[*])C([*])=O)C=C1,CC(C)C[C@H](N[*])C([*])=O,[*]NCC([*])=O,[*]N[C@@H](Cc1c[nH]c2ccccc12)C([*])=O,CC[C@H](C)[C@H](N[*])C([*])=O,[*]N(C)[C@H](CC(O)=O)C([*])=O,[*]N(C)[C@@H](Cc1ccccc1)C([*])=O,10.10879717,-5.217503488,pIC50,pIC50
0368-0000-4031,DYLGWQdF,EMPTY,EMPTY,EMPTY,D,Y,L,G,W,Q,D-NmeAsp,NmePhe,[*]N[C@@H](CC(O)=O)C([*])=O,OS(=O)(=O)OC1=CC=C(C[C@H](N[*])C([*])=O)C=C1,CC(C)C[C@H](N[*])C([*])=O,[*]NCC([*])=O,[*]N[C@@H](Cc1c[nH]c2ccccc12)C([*])=O,NC(=O)CC[C@H](N[*])C([*])=O,[*]N(C)[C@H](CC(O)=O)C([*])=O,[*]N(C)[C@@H](Cc1ccccc1)C([*])=O,10.12410954,-4.170396078,pIC50,pIC50
0368-0000-4032,DYLGWMdF,EMPTY,EMPTY,EMPTY,D,Y,L,G,W,M.O2,D-NmeAsp,NmePhe,[*]N[C@@H](CC(O)=O)C([*])=O,OS(=O)(=O)OC1=CC=C(C[C@H](N[*])C([*])=O)C=C1,CC(C)C[C@H](N[*])C([*])=O,[*]NCC([*])=O,[*]N[C@@H](Cc1c[nH]c2ccccc12)C([*])=O,CS(=O)(=O)CC[C@H](N[*])C([*])=O ,[*]N(C)[C@H](CC(O)=O)C([*])=O,[*]N(C)[C@@H](Cc1ccccc1)C([*])=O,9.264640667,-4.513711239,pIC50,pIC50
0368-0000-4037,DYRGWAdF,EMPTY,EMPTY,EMPTY,D,Y,R,G,W,Nle,D-NmeAsp,NmePhe,[*]N[C@@H](CC(O)=O)C([*])=O,OS(=O)(=O)OC1=CC=C(C[C@H](N[*])C([*])=O)C=C1,NC(=N)NCCC[C@H](N[*])C([*])=O,[*]NCC([*])=O,[*]N[C@@H](Cc1c[nH]c2ccccc12)C([*])=O,CCCC[C@H](N[*])C([*])=O,[*]N(C)[C@H](CC(O)=O)C([*])=O,[*]N(C)[C@@H](Cc1ccccc1)C([*])=O,10.47104047,-5.81408028,pIC50,pIC50
0368-0000-4038,DYPGWAdF,EMPTY,EMPTY,EMPTY,D,Y,P,G,W,Nle,D-NmeAsp,NmePhe,[*]N[C@@H](CC(O)=O)C([*])=O,OS(=O)(=O)OC1=CC=C(C[C@H](N[*])C([*])=O)C=C1,[*]N1CCC[C@@H]1C([*])=O,[*]NCC([*])=O,[*]N[C@@H](Cc1c[nH]c2ccccc12)C([*])=O,CCCC[C@H](N[*])C([*])=O,[*]N(C)[C@H](CC(O)=O)C([*])=O,[*]N(C)[C@@H](Cc1ccccc1)C([*])=O,10.36744149,-4.754322858,pIC50,pIC50
0368-0000-4047,DYFGWAdF,EMPTY,EMPTY,EMPTY,D,Y,F,G,W,Nle,D-NmeAsp,NmePhe,[*]N[C@@H](CC(O)=O)C([*])=O,OS(=O)(=O)OC1=CC=C(C[C@H](N[*])C([*])=O)C=C1,[*]N[C@@H](Cc1ccccc1)C([*])=O,[*]NCC([*])=O,[*]N[C@@H](Cc1c[nH]c2ccccc12)C([*])=O,CCCC[C@H](N[*])C([*])=O,[*]N(C)[C@H](CC(O)=O)C([*])=O,[*]N(C)[C@@H](Cc1ccccc1)C([*])=O,10.54247133,-6.037820147,pIC50,pIC50
0368-0000-4048,DYSGWAdF,EMPTY,EMPTY,EMPTY,D,Y,S,G,W,Nle,D-NmeAsp,NmePhe,[*]N[C@@H](CC(O)=O)C([*])=O,OS(=O)(=O)OC1=CC=C(C[C@H](N[*])C([*])=O)C=C1,[*]N[C@@H](CO)C([*])=O,[*]NCC([*])=O,[*]N[C@@H](Cc1c[nH]c2ccccc12)C([*])=O,CCCC[C@H](N[*])C([*])=O,[*]N(C)[C@H](CC(O)=O)C([*])=O,[*]N(C)[C@@H](Cc1ccccc1)C([*])=O,10.45962881,-5.314252292,pIC50,pIC50
0368-0000-4056,DYLGWAdF,EMPTY,EMPTY,EMPTY,D,Y,L,G,W,A,D-NmeAsp,NmePhe,[*]N[C@@H](CC(O)=O)C([*])=O,OS(=O)(=O)OC1=CC=C(C[C@H](N[*])C([*])=O)C=C1,CC(C)C[C@H](N[*])C([*])=O,[*]NCC([*])=O,[*]N[C@@H](Cc1c[nH]c2ccccc12)C([*])=O,C[C@H](N[*])C([*])=O,[*]N(C)[C@H](CC(O)=O)C([*])=O,[*]N(C)[C@@H](Cc1ccccc1)C([*])=O,9.276872841,-4.281304596,pIC50,pIC50
0368-0000-4057,EYLGWQdF,EMPTY,EMPTY,EMPTY,E,Y,L,G,W,Q,D-NmeAsp,F,[*]N[C@@H](CCC(O)=O)C([*])=O,OS(=O)(=O)OC1=CC=C(C[C@H](N[*])C([*])=O)C=C1,CC(C)C[C@H](N[*])C([*])=O,[*]NCC([*])=O,[*]N[C@@H](Cc1c[nH]c2ccccc12)C([*])=O,NC(=O)CC[C@H](N[*])C([*])=O,[*]N(C)[C@H](CC(O)=O)C([*])=O,[*]N[C@@H](Cc1ccccc1)C([*])=O,9.625801742,-4.870847402,pIC50,pIC50
0368-0000-4058,EYLGWQdF,EMPTY,EMPTY,EMPTY,E,Y,L,G,W,Q,D-NmeAsp,NmePhe,[*]N[C@@H](CCC(O)=O)C([*])=O,OS(=O)(=O)OC1=CC=C(C[C@H](N[*])C([*])=O)C=C1,CC(C)C[C@H](N[*])C([*])=O,[*]NCC([*])=O,[*]N[C@@H](Cc1c[nH]c2ccccc12)C([*])=O,NC(=O)CC[C@H](N[*])C([*])=O,[*]N(C)[C@H](CC(O)=O)C([*])=O,[*]N(C)[C@@H](Cc1ccccc1)C([*])=O,10.06923769,-4.042233134,pIC50,pIC50
0368-0000-0181,eYLGWAdF,N-terminal,C18 diacid,gGlu-2xOEG,e,Y,L,G,W,Nle,D-NmeAsp,NmePhe,[*]N[C@H](CCC(O)=O)C([*])=O,OS(=O)(=O)OC1=CC=C(C[C@H](N[*])C([*])=O)C=C1,CC(C)C[C@H](N[*])C([*])=O,[*]NCC([*])=O,[*]N[C@@H](Cc1c[nH]c2ccccc12)C([*])=O,CCCC[C@H](N[*])C([*])=O,[*]N(C)[C@H](CC(O)=O)C([*])=O,[*]N(C)[C@@H](Cc1ccccc1)C([*])=O,10.19468042,-6.154839922,pIC50,pIC50
0368-0000-0182,DYLGWAdF,N-terminal,C18 diacid,gGlu-2xOEG,D,Y,L,G,W,Nle,D-NmeAsp,2-Nal,[*]N[C@@H](CC(O)=O)C([*])=O,OS(=O)(=O)OC1=CC=C(C[C@H](N[*])C([*])=O)C=C1,CC(C)C[C@H](N[*])C([*])=O,[*]NCC([*])=O,[*]N[C@@H](Cc1c[nH]c2ccccc12)C([*])=O,CCCC[C@H](N[*])C([*])=O,[*]N(C)[C@H](CC(O)=O)C([*])=O,[*]N[C@@H](CC1=CC=C2C=CC=CC2=C1)C([*])=O,9.84093436,-5.642065153,pIC50,pIC50
0368-0000-0186,EYLGWAdF,N-terminal,C18 diacid,gGlu-2xOEG,E,Y,L,G,W,Nle,D-NmeAsp,F,[*]N[C@@H](CCC(O)=O)C([*])=O,OS(=O)(=O)OC1=CC=C(C[C@H](N[*])C([*])=O)C=C1,CC(C)C[C@H](N[*])C([*])=O,[*]NCC([*])=O,[*]N[C@@H](Cc1c[nH]c2ccccc12)C([*])=O,CCCC[C@H](N[*])C([*])=O,[*]N(C)[C@H](CC(O)=O)C([*])=O,[*]N[C@@H](Cc1ccccc1)C([*])=O,10.30956763,-6.316832842,pIC50,pIC50
0368-0000-4059,eYLGWAdF,EMPTY,EMPTY,EMPTY,e,Y,L,G,W,Nle,D-NmeAsp,NmePhe,[*]N[C@H](CCC(O)=O)C([*])=O,OS(=O)(=O)OC1=CC=C(C[C@H](N[*])C([*])=O)C=C1,CC(C)C[C@H](N[*])C([*])=O,[*]NCC([*])=O,[*]N[C@@H](Cc1c[nH]c2ccccc12)C([*])=O,CCCC[C@H](N[*])C([*])=O,[*]N(C)[C@H](CC(O)=O)C([*])=O,[*]N(C)[C@@H](Cc1ccccc1)C([*])=O,10.49530265,-4.768275617,pIC50,pIC50
0368-0000-4061,DYMGWMdF,EMPTY,EMPTY,EMPTY,D,Y,M,G,W,M,D-NmeAsp,F,[*]N[C@@H](CC(O)=O)C([*])=O,OS(=O)(=O)OC1=CC=C(C[C@H](N[*])C([*])=O)C=C1,CSCC[C@H](N[*])C([*])=O,[*]NCC([*])=O,[*]N[C@@H](Cc1c[nH]c2ccccc12)C([*])=O,CSCC[C@H](N[*])C([*])=O,[*]N(C)[C@H](CC(O)=O)C([*])=O,[*]N[C@@H](Cc1ccccc1)C([*])=O,10.36703683,-4.640797139,pIC50,pIC50
0368-0000-4062,DYLGWAdF,EMPTY,EMPTY,EMPTY,D,Y.u.phosphoryl,L,G,W,Nle,D-NmeAsp,F,[*]N[C@@H](CC(O)=O)C([*])=O,OP(O)(=O)OC1=CC=C(C[C@H](N[*])C([*])=O)C=C1,CC(C)C[C@H](N[*])C([*])=O,[*]NCC([*])=O,[*]N[C@@H](Cc1c[nH]c2ccccc12)C([*])=O,CCCC[C@H](N[*])C([*])=O,[*]N(C)[C@H](CC(O)=O)C([*])=O,[*]N[C@@H](Cc1ccccc1)C([*])=O,7.682075884,-4.469544156,pIC50,pIC50
0368-0000-4063,DYLGWAdF,EMPTY,EMPTY,EMPTY,D,Y,L,G,W,Citr,D-NmeAsp,NmePhe,[*]N[C@@H](CC(O)=O)C([*])=O,OS(=O)(=O)OC1=CC=C(C[C@H](N[*])C([*])=O)C=C1,CC(C)C[C@H](N[*])C([*])=O,[*]NCC([*])=O,[*]N[C@@H](Cc1c[nH]c2ccccc12)C([*])=O,NC(=O)NCCC[C@H](N[*])C([*])=O ,[*]N(C)[C@H](CC(O)=O)C([*])=O,[*]N(C)[C@@H](Cc1ccccc1)C([*])=O,8.165854924,-4.565644038,pIC50,pIC50
0368-0000-0183,DYMGWMdF,N-terminal,C18 diacid,gGlu-2xOEG,D,Y,M,G,W,M,D-NmeAsp,F,[*]N[C@@H](CC(O)=O)C([*])=O,OS(=O)(=O)OC1=CC=C(C[C@H](N[*])C([*])=O)C=C1,CSCC[C@H](N[*])C([*])=O,[*]NCC([*])=O,[*]N[C@@H](Cc1c[nH]c2ccccc12)C([*])=O,CSCC[C@H](N[*])C([*])=O,[*]N(C)[C@H](CC(O)=O)C([*])=O,[*]N[C@@H](Cc1ccccc1)C([*])=O,10.28659347,-4.996826795,pIC50,pIC50
0368-0000-0184,DYLGWAdF,N-terminal,C18 diacid,gGlu-2xOEG,D,Y.u.phosphoryl,L,G,W,Nle,D-NmeAsp,F,[*]N[C@@H](CC(O)=O)C([*])=O,OP(O)(=O)OC1=CC=C(C[C@H](N[*])C([*])=O)C=C1,CC(C)C[C@H](N[*])C([*])=O,[*]NCC([*])=O,[*]N[C@@H](Cc1c[nH]c2ccccc12)C([*])=O,CCCC[C@H](N[*])C([*])=O,[*]N(C)[C@H](CC(O)=O)C([*])=O,[*]N[C@@H](Cc1ccccc1)C([*])=O,7.83120798,-3.990322526,pIC50,pIC50
0368-0000-0185,DYLGWAdF,N-terminal,C18 diacid,gGlu-2xOEG,D,Y,L,G,W,Citr,D-NmeAsp,NmePhe,[*]N[C@@H](CC(O)=O)C([*])=O,OS(=O)(=O)OC1=CC=C(C[C@H](N[*])C([*])=O)C=C1,CC(C)C[C@H](N[*])C([*])=O,[*]NCC([*])=O,[*]N[C@@H](Cc1c[nH]c2ccccc12)C([*])=O,NC(=O)NCCC[C@H](N[*])C([*])=O ,[*]N(C)[C@H](CC(O)=O)C([*])=O,[*]N(C)[C@@H](Cc1ccccc1)C([*])=O,8.152530169,-4.346658825,pIC50,pIC50
0368-0000-4049,DYAGWAdF,EMPTY,EMPTY,EMPTY,D,Y,A,G,W,Nle,D-NmeAsp,NmePhe,[*]N[C@@H](CC(O)=O)C([*])=O,OS(=O)(=O)OC1=CC=C(C[C@H](N[*])C([*])=O)C=C1,C[C@H](N[*])C([*])=O,[*]NCC([*])=O,[*]N[C@@H](Cc1c[nH]c2ccccc12)C([*])=O,CCCC[C@H](N[*])C([*])=O,[*]N(C)[C@H](CC(O)=O)C([*])=O,[*]N(C)[C@@H](Cc1ccccc1)C([*])=O,10.25853324,-3.465626936,pIC50,pIC50
0368-0000-4050,DYIGWAdF,EMPTY,EMPTY,EMPTY,D,Y,I,G,W,Nle,D-NmeAsp,NmePhe,[*]N[C@@H](CC(O)=O)C([*])=O,OS(=O)(=O)OC1=CC=C(C[C@H](N[*])C([*])=O)C=C1,CC[C@H](C)[C@H](N[*])C([*])=O,[*]NCC([*])=O,[*]N[C@@H](Cc1c[nH]c2ccccc12)C([*])=O,CCCC[C@H](N[*])C([*])=O,[*]N(C)[C@H](CC(O)=O)C([*])=O,[*]N(C)[C@@H](Cc1ccccc1)C([*])=O,10.42438885,-4.531701912,pIC50,pIC50
0368-0000-4051,DYHGWAdF,EMPTY,EMPTY,EMPTY,D,Y,H,G,W,Nle,D-NmeAsp,NmePhe,[*]N[C@@H](CC(O)=O)C([*])=O,OS(=O)(=O)OC1=CC=C(C[C@H](N[*])C([*])=O)C=C1,[*]N[C@@H](CC1=CNC=N1)C([*])=O,[*]NCC([*])=O,[*]N[C@@H](Cc1c[nH]c2ccccc12)C([*])=O,CCCC[C@H](N[*])C([*])=O,[*]N(C)[C@H](CC(O)=O)C([*])=O,[*]N(C)[C@@H](Cc1ccccc1)C([*])=O,10.35157493,-4.385313658,pIC50,pIC50
0368-0000-4046,EYLGWAdF,EMPTY,EMPTY,EMPTY,E,Y,L,G,W,Nle,D-NmeAsp,NmePhe,[*]N[C@@H](CCC(O)=O)C([*])=O,OS(=O)(=O)OC1=CC=C(C[C@H](N[*])C([*])=O)C=C1,CC(C)C[C@H](N[*])C([*])=O,[*]NCC([*])=O,[*]N[C@@H](Cc1c[nH]c2ccccc12)C([*])=O,CCCC[C@H](N[*])C([*])=O,[*]N(C)[C@H](CC(O)=O)C([*])=O,[*]N(C)[C@@H](Cc1ccccc1)C([*])=O,10.38216125,-4.926159503,pIC50,pIC50
0368-0000-4034,DYLGWVdF,EMPTY,EMPTY,EMPTY,D,Y,L,G,W,V,D-NmeAsp,NmePhe,[*]N[C@@H](CC(O)=O)C([*])=O,OS(=O)(=O)OC1=CC=C(C[C@H](N[*])C([*])=O)C=C1,CC(C)C[C@H](N[*])C([*])=O,[*]NCC([*])=O,[*]N[C@@H](Cc1c[nH]c2ccccc12)C([*])=O,CC(C)[C@H](N[*])C([*])=O,[*]N(C)[C@H](CC(O)=O)C([*])=O,[*]N(C)[C@@H](Cc1ccccc1)C([*])=O,9.20481541,-4.534914712,pIC50,pIC50
0368-0000-4035,DYLGWPdF,EMPTY,EMPTY,EMPTY,D,Y,L,G,W,P,D-NmeAsp,NmePhe,[*]N[C@@H](CC(O)=O)C([*])=O,OS(=O)(=O)OC1=CC=C(C[C@H](N[*])C([*])=O)C=C1,CC(C)C[C@H](N[*])C([*])=O,[*]NCC([*])=O,[*]N[C@@H](Cc1c[nH]c2ccccc12)C([*])=O,[*]N1CCC[C@@H]1C([*])=O,[*]N(C)[C@H](CC(O)=O)C([*])=O,[*]N(C)[C@@H](Cc1ccccc1)C([*])=O,9.954285941,-4.885155587,pIC50,pIC50
0368-0000-4036,DYKGWAdF,EMPTY,EMPTY,EMPTY,D,Y,K,G,W,Nle,D-NmeAsp,NmePhe,[*]N[C@@H](CC(O)=O)C([*])=O,OS(=O)(=O)OC1=CC=C(C[C@H](N[*])C([*])=O)C=C1,[*]N[C@@H](CCCCN)C([*])=O,[*]NCC([*])=O,[*]N[C@@H](Cc1c[nH]c2ccccc12)C([*])=O,CCCC[C@H](N[*])C([*])=O,[*]N(C)[C@H](CC(O)=O)C([*])=O,[*]N(C)[C@@H](Cc1ccccc1)C([*])=O,10.52890396,-4.693641462,pIC50,pIC50
0368-0000-4042,DYMGWMdF,EMPTY,EMPTY,EMPTY,D,Y,M,G,W,M,D-NmeAsp,NmePhe,[*]N[C@@H](CC(O)=O)C([*])=O,OS(=O)(=O)OC1=CC=C(C[C@H](N[*])C([*])=O)C=C1,CSCC[C@H](N[*])C([*])=O,[*]NCC([*])=O,[*]N[C@@H](Cc1c[nH]c2ccccc12)C([*])=O,CSCC[C@H](N[*])C([*])=O,[*]N(C)[C@H](CC(O)=O)C([*])=O,[*]N(C)[C@@H](Cc1ccccc1)C([*])=O,10.46567769,-4.820352476,pIC50,pIC50
0368-0000-4064,EYLGWAdF,EMPTY,EMPTY,EMPTY,E,Y,L,G,W,Nle,D-NmeAsp,F,[*]N[C@@H](CCC(O)=O)C([*])=O,OS(=O)(=O)OC1=CC=C(C[C@H](N[*])C([*])=O)C=C1,CC(C)C[C@H](N[*])C([*])=O,[*]NCC([*])=O,[*]N[C@@H](Cc1c[nH]c2ccccc12)C([*])=O,CCCC[C@H](N[*])C([*])=O,[*]N(C)[C@H](CC(O)=O)C([*])=O,[*]N[C@@H](Cc1ccccc1)C([*])=O,10.54100982,-4.804284801,pIC50,pIC50
0368-0000-4053,DYLGWYdF,EMPTY,EMPTY,EMPTY,D,Y,L,G,W,Y.u,D-NmeAsp,NmePhe,[*]N[C@@H](CC(O)=O)C([*])=O,OS(=O)(=O)OC1=CC=C(C[C@H](N[*])C([*])=O)C=C1,CC(C)C[C@H](N[*])C([*])=O,[*]NCC([*])=O,[*]N[C@@H](Cc1c[nH]c2ccccc12)C([*])=O,OC1=CC=C(C[C@H](N[*])C([*])=O)C=C1,[*]N(C)[C@H](CC(O)=O)C([*])=O,[*]N(C)[C@@H](Cc1ccccc1)C([*])=O,7.178093623,-4.485230951,pIC50,pIC50
0368-0000-4054,DYLGWHdF,EMPTY,EMPTY,EMPTY,D,Y,L,G,W,H,D-NmeAsp,NmePhe,[*]N[C@@H](CC(O)=O)C([*])=O,OS(=O)(=O)OC1=CC=C(C[C@H](N[*])C([*])=O)C=C1,CC(C)C[C@H](N[*])C([*])=O,[*]NCC([*])=O,[*]N[C@@H](Cc1c[nH]c2ccccc12)C([*])=O,[*]N[C@@H](CC1=CNC=N1)C([*])=O,[*]N(C)[C@H](CC(O)=O)C([*])=O,[*]N(C)[C@@H](Cc1ccccc1)C([*])=O,7.972460133,-4.722375507,pIC50,pIC50
0368-0000-4055,DYLGWFdF,EMPTY,EMPTY,EMPTY,D,Y,L,G,W,F,D-NmeAsp,NmePhe,[*]N[C@@H](CC(O)=O)C([*])=O,OS(=O)(=O)OC1=CC=C(C[C@H](N[*])C([*])=O)C=C1,CC(C)C[C@H](N[*])C([*])=O,[*]NCC([*])=O,[*]N[C@@H](Cc1c[nH]c2ccccc12)C([*])=O,[*]N[C@@H](Cc1ccccc1)C([*])=O,[*]N(C)[C@H](CC(O)=O)C([*])=O,[*]N(C)[C@@H](Cc1ccccc1)C([*])=O,7.722772919,-4.812836638,pIC50,pIC50
0368-0000-0080,DYAGWADF,N-terminal,C18 diacid,gGlu-2xOEG,D,Y,Nle,G,W,A,D,F,[*]N[C@@H](CC(O)=O)C([*])=O,OS(=O)(=O)OC1=CC=C(C[C@H](N[*])C([*])=O)C=C1,CCCC[C@H](N[*])C([*])=O,[*]NCC([*])=O,[*]N[C@@H](Cc1c[nH]c2ccccc12)C([*])=O,C[C@H](N[*])C([*])=O,[*]N[C@@H](CC(O)=O)C([*])=O,[*]N[C@@H](Cc1ccccc1)C([*])=O,6.930344234,-7.145390362,pIC50,pIC50
0368-0000-0081,DYAGWAPF,N-terminal,C18 diacid,gGlu-2xOEG,D,Y,Nle,G,W,Nle,Hyp,1-Nal,[*]N[C@@H](CC(O)=O)C([*])=O,OS(=O)(=O)OC1=CC=C(C[C@H](N[*])C([*])=O)C=C1,CCCC[C@H](N[*])C([*])=O,[*]NCC([*])=O,[*]N[C@@H](Cc1c[nH]c2ccccc12)C([*])=O,CCCC[C@H](N[*])C([*])=O,[*]N1C[C@@H](C[C@H]1C([*])=O)O,[*]N[C@@H](CC1=CC=CC2=CC=CC=C12)C([*])=O,9.332173621,-7.698825264,pIC50,pIC50
0368-0000-0082,DYAGWQDF,N-terminal,C18 diacid,gGlu-2xOEG,D,Y,Nle,G,W,Q,D,F,[*]N[C@@H](CC(O)=O)C([*])=O,OS(=O)(=O)OC1=CC=C(C[C@H](N[*])C([*])=O)C=C1,CCCC[C@H](N[*])C([*])=O,[*]NCC([*])=O,[*]N[C@@H](Cc1c[nH]c2ccccc12)C([*])=O,NC(=O)CC[C@H](N[*])C([*])=O,[*]N[C@@H](CC(O)=O)C([*])=O,[*]N[C@@H](Cc1ccccc1)C([*])=O,9.021195814,-8.678815973,pIC50,pIC50
0368-0000-0083,DYAGWLDF,N-terminal,C18 diacid,gGlu-2xOEG,D,Y,Nle,G,W,L,D,F,[*]N[C@@H](CC(O)=O)C([*])=O,OS(=O)(=O)OC1=CC=C(C[C@H](N[*])C([*])=O)C=C1,CCCC[C@H](N[*])C([*])=O,[*]NCC([*])=O,[*]N[C@@H](Cc1c[nH]c2ccccc12)C([*])=O,CC(C)C[C@H](N[*])C([*])=O,[*]N[C@@H](CC(O)=O)C([*])=O,[*]N[C@@H](Cc1ccccc1)C([*])=O,9.00780007,-9.921664037,pIC50,pIC50
0368-0000-4023,DYAGWAdF,EMPTY,EMPTY,EMPTY,D,Y,Nle,G,W,Nle,D-NmeAsp,1-Nal,[*]N[C@@H](CC(O)=O)C([*])=O,OS(=O)(=O)OC1=CC=C(C[C@H](N[*])C([*])=O)C=C1,CCCC[C@H](N[*])C([*])=O,[*]NCC([*])=O,[*]N[C@@H](Cc1c[nH]c2ccccc12)C([*])=O,CCCC[C@H](N[*])C([*])=O,[*]N(C)[C@H](CC(O)=O)C([*])=O,[*]N[C@@H](CC1=CC=CC2=CC=CC=C12)C([*])=O,10.55108766,-5.639532817,pIC50,pIC50
0368-0000-4024,DFAGWAdF,EMPTY,EMPTY,EMPTY,D,F.sulfomethyl,Nle,G,W,Nle,D-NmeAsp,NmePhe,[*]N[C@@H](CC(O)=O)C([*])=O,[*]N[C@@H](Cc1ccc(CS(=O)(=O)O)cc1)C([*])=O,CCCC[C@H](N[*])C([*])=O,[*]NCC([*])=O,[*]N[C@@H](Cc1c[nH]c2ccccc12)C([*])=O,CCCC[C@H](N[*])C([*])=O,[*]N(C)[C@H](CC(O)=O)C([*])=O,[*]N(C)[C@@H](Cc1ccccc1)C([*])=O,10.34011548,-4.286341484,pIC50,pIC50
0368-0000-4026,DFLGWAdF,EMPTY,EMPTY,EMPTY,D,F.sulfomethyl,L,G,W,Nle,D-NmeAsp,NmePhe,[*]N[C@@H](CC(O)=O)C([*])=O,[*]N[C@@H](Cc1ccc(CS(=O)(=O)O)cc1)C([*])=O,CC(C)C[C@H](N[*])C([*])=O,[*]NCC([*])=O,[*]N[C@@H](Cc1c[nH]c2ccccc12)C([*])=O,CCCC[C@H](N[*])C([*])=O,[*]N(C)[C@H](CC(O)=O)C([*])=O,[*]N(C)[C@@H](Cc1ccccc1)C([*])=O,10.34265726,-4.431876534,pIC50,pIC50
0368-0000-4027,DYLGWAdF,EMPTY,EMPTY,EMPTY,D,Y,L,G,W,Nle,D-NmeAsp,F,[*]N[C@@H](CC(O)=O)C([*])=O,OS(=O)(=O)OC1=CC=C(C[C@H](N[*])C([*])=O)C=C1,CC(C)C[C@H](N[*])C([*])=O,[*]NCC([*])=O,[*]N[C@@H](Cc1c[nH]c2ccccc12)C([*])=O,CCCC[C@H](N[*])C([*])=O,[*]N(C)[C@H](CC(O)=O)C([*])=O,[*]N[C@@H](Cc1ccccc1)C([*])=O,10.45663567,-4.835151657,pIC50,pIC50
0368-0000-4028,DYAGWAdF,EMPTY,EMPTY,EMPTY,D,Y,Nle,G,W,Nle,D-NmeAsp,NmePhe,[*]N[C@@H](CC(O)=O)C([*])=O,OS(=O)(=O)OC1=CC=C(C[C@H](N[*])C([*])=O)C=C1,CCCC[C@H](N[*])C([*])=O,[*]NCC([*])=O,[*]N[C@@H](Cc1c[nH]c2ccccc12)C([*])=O,CCCC[C@H](N[*])C([*])=O,[*]N(C)[C@H](CC(O)=O)C([*])=O,[*]N(C)[C@@H](Cc1ccccc1)C([*])=O,10.32504705,-4.936353952,pIC50,pIC50
0368-0000-4029,DYLGWAdF,EMPTY,EMPTY,EMPTY,D,Y,L,G,W,Nle,D-NmeAsp,NmePhe,[*]N[C@@H](CC(O)=O)C([*])=O,OS(=O)(=O)OC1=CC=C(C[C@H](N[*])C([*])=O)C=C1,CC(C)C[C@H](N[*])C([*])=O,[*]NCC([*])=O,[*]N[C@@H](Cc1c[nH]c2ccccc12)C([*])=O,CCCC[C@H](N[*])C([*])=O,[*]N(C)[C@H](CC(O)=O)C([*])=O,[*]N(C)[C@@H](Cc1ccccc1)C([*])=O,10.39115318,-6.024292536,pIC50,pIC50
0368-0000-0138,DYAGWAdF,N-terminal,C18 diacid,gGlu-2xdPEG10,D,Y,Nle,G,W,Nle,D-NmeAsp,NmePhe,[*]N[C@@H](CC(O)=O)C([*])=O,OS(=O)(=O)OC1=CC=C(C[C@H](N[*])C([*])=O)C=C1,CCCC[C@H](N[*])C([*])=O,[*]NCC([*])=O,[*]N[C@@H](Cc1c[nH]c2ccccc12)C([*])=O,CCCC[C@H](N[*])C([*])=O,[*]N(C)[C@H](CC(O)=O)C([*])=O,[*]N(C)[C@@H](Cc1ccccc1)C([*])=O,9.955159839,-4.474955193,pIC50,pIC50
0368-0000-0139,DYMGWMdF,N-terminal,C18 diacid,gGlu-2xOEG,D,Y,M,G,W,M,D-NmeAsp,NmePhe,[*]N[C@@H](CC(O)=O)C([*])=O,OS(=O)(=O)OC1=CC=C(C[C@H](N[*])C([*])=O)C=C1,CSCC[C@H](N[*])C([*])=O,[*]NCC([*])=O,[*]N[C@@H](Cc1c[nH]c2ccccc12)C([*])=O,CSCC[C@H](N[*])C([*])=O,[*]N(C)[C@H](CC(O)=O)C([*])=O,[*]N(C)[C@@H](Cc1ccccc1)C([*])=O,10.29149412,-5.165490285,pIC50,pIC50
0368-0000-0154,dFAGWAdF,N-terminal,C18 diacid,gGlu-2xOEG,d,F.sulfomethyl,Nle,G,W,Nle,D-NmeAsp,NmePhe,OC(=O)C[C@@H](N[*])C([*])=O,[*]N[C@@H](Cc1ccc(CS(=O)(=O)O)cc1)C([*])=O,CCCC[C@H](N[*])C([*])=O,[*]NCC([*])=O,[*]N[C@@H](Cc1c[nH]c2ccccc12)C([*])=O,CCCC[C@H](N[*])C([*])=O,[*]N(C)[C@H](CC(O)=O)C([*])=O,[*]N(C)[C@@H](Cc1ccccc1)C([*])=O,9.944163149,-4.320140749,pIC50,pIC50
0368-0000-0119,DYLGWIdF,N-terminal,C18 diacid,gGlu-2xOEG,D,Y,L,G,W,I,D-NmeAsp,NmePhe,[*]N[C@@H](CC(O)=O)C([*])=O,OS(=O)(=O)OC1=CC=C(C[C@H](N[*])C([*])=O)C=C1,CC(C)C[C@H](N[*])C([*])=O,[*]NCC([*])=O,[*]N[C@@H](Cc1c[nH]c2ccccc12)C([*])=O,CC[C@H](C)[C@H](N[*])C([*])=O,[*]N(C)[C@H](CC(O)=O)C([*])=O,[*]N(C)[C@@H](Cc1ccccc1)C([*])=O,9.992358889,-5.630459471,pIC50,pIC50
0368-0000-0120,DYLGWQdF,N-terminal,C18 diacid,gGlu-2xOEG,D,Y,L,G,W,Q,D-NmeAsp,NmePhe,[*]N[C@@H](CC(O)=O)C([*])=O,OS(=O)(=O)OC1=CC=C(C[C@H](N[*])C([*])=O)C=C1,CC(C)C[C@H](N[*])C([*])=O,[*]NCC([*])=O,[*]N[C@@H](Cc1c[nH]c2ccccc12)C([*])=O,NC(=O)CC[C@H](N[*])C([*])=O,[*]N(C)[C@H](CC(O)=O)C([*])=O,[*]N(C)[C@@H](Cc1ccccc1)C([*])=O,10.07730913,-4.449119675,pIC50,pIC50
0368-0000-0121,DYLGWMdF,N-terminal,C18 diacid,gGlu-2xOEG,D,Y,L,G,W,M.O2,D-NmeAsp,NmePhe,[*]N[C@@H](CC(O)=O)C([*])=O,OS(=O)(=O)OC1=CC=C(C[C@H](N[*])C([*])=O)C=C1,CC(C)C[C@H](N[*])C([*])=O,[*]NCC([*])=O,[*]N[C@@H](Cc1c[nH]c2ccccc12)C([*])=O,CS(=O)(=O)CC[C@H](N[*])C([*])=O ,[*]N(C)[C@H](CC(O)=O)C([*])=O,[*]N(C)[C@@H](Cc1ccccc1)C([*])=O,9.192690521,-4.251631055,pIC50,pIC50
0368-0000-0122,DYLGWLdF,N-terminal,C18 diacid,gGlu-2xOEG,D,Y,L,G,W,L,D-NmeAsp,NmePhe,[*]N[C@@H](CC(O)=O)C([*])=O,OS(=O)(=O)OC1=CC=C(C[C@H](N[*])C([*])=O)C=C1,CC(C)C[C@H](N[*])C([*])=O,[*]NCC([*])=O,[*]N[C@@H](Cc1c[nH]c2ccccc12)C([*])=O,CC(C)C[C@H](N[*])C([*])=O,[*]N(C)[C@H](CC(O)=O)C([*])=O,[*]N(C)[C@@H](Cc1ccccc1)C([*])=O,10.05108196,-6.379447555,pIC50,pIC50
0368-0000-0123,DYLGWVdF,N-terminal,C18 diacid,gGlu-2xOEG,D,Y,L,G,W,V,D-NmeAsp,NmePhe,[*]N[C@@H](CC(O)=O)C([*])=O,OS(=O)(=O)OC1=CC=C(C[C@H](N[*])C([*])=O)C=C1,CC(C)C[C@H](N[*])C([*])=O,[*]NCC([*])=O,[*]N[C@@H](Cc1c[nH]c2ccccc12)C([*])=O,CC(C)[C@H](N[*])C([*])=O,[*]N(C)[C@H](CC(O)=O)C([*])=O,[*]N(C)[C@@H](Cc1ccccc1)C([*])=O,9.51484665,-5.193878841,pIC50,pIC50
0368-0000-0124,DYLGWPdF,N-terminal,C18 diacid,gGlu-2xOEG,D,Y,L,G,W,P,D-NmeAsp,NmePhe,[*]N[C@@H](CC(O)=O)C([*])=O,OS(=O)(=O)OC1=CC=C(C[C@H](N[*])C([*])=O)C=C1,CC(C)C[C@H](N[*])C([*])=O,[*]NCC([*])=O,[*]N[C@@H](Cc1c[nH]c2ccccc12)C([*])=O,[*]N1CCC[C@@H]1C([*])=O,[*]N(C)[C@H](CC(O)=O)C([*])=O,[*]N(C)[C@@H](Cc1ccccc1)C([*])=O,9.729554092,-5.991087703,pIC50,pIC50
0368-0000-0135,DYMGWAdF,N-terminal,C18 diacid,gGlu-2xOEG,D,Y,M,G,W,Nle,D-NmeAsp,NmePhe,[*]N[C@@H](CC(O)=O)C([*])=O,OS(=O)(=O)OC1=CC=C(C[C@H](N[*])C([*])=O)C=C1,CSCC[C@H](N[*])C([*])=O,[*]NCC([*])=O,[*]N[C@@H](Cc1c[nH]c2ccccc12)C([*])=O,CCCC[C@H](N[*])C([*])=O,[*]N(C)[C@H](CC(O)=O)C([*])=O,[*]N(C)[C@@H](Cc1ccccc1)C([*])=O,10.17789733,-6.501207165,pIC50,pIC50
0368-0000-0136,DYAGWMdF,N-terminal,C18 diacid,gGlu-2xOEG,D,Y,Nle,G,W,M,D-NmeAsp,NmePhe,[*]N[C@@H](CC(O)=O)C([*])=O,OS(=O)(=O)OC1=CC=C(C[C@H](N[*])C([*])=O)C=C1,CCCC[C@H](N[*])C([*])=O,[*]NCC([*])=O,[*]N[C@@H](Cc1c[nH]c2ccccc12)C([*])=O,CSCC[C@H](N[*])C([*])=O,[*]N(C)[C@H](CC(O)=O)C([*])=O,[*]N(C)[C@@H](Cc1ccccc1)C([*])=O,10.11599808,-5.862487647,pIC50,pIC50
0368-0000-0170,DYLGWHdF,N-terminal,C18 diacid,gGlu-2xOEG,D,Y,L,G,W,H,D-NmeAsp,NmePhe,[*]N[C@@H](CC(O)=O)C([*])=O,OS(=O)(=O)OC1=CC=C(C[C@H](N[*])C([*])=O)C=C1,CC(C)C[C@H](N[*])C([*])=O,[*]NCC([*])=O,[*]N[C@@H](Cc1c[nH]c2ccccc12)C([*])=O,[*]N[C@@H](CC1=CNC=N1)C([*])=O,[*]N(C)[C@H](CC(O)=O)C([*])=O,[*]N(C)[C@@H](Cc1ccccc1)C([*])=O,7.781727146,-4.280337317,pIC50,pIC50
0368-0000-0169,DYLGWYdF,N-terminal,C18 diacid,gGlu-2xOEG,D,Y,L,G,W,Y.u,D-NmeAsp,NmePhe,[*]N[C@@H](CC(O)=O)C([*])=O,OS(=O)(=O)OC1=CC=C(C[C@H](N[*])C([*])=O)C=C1,CC(C)C[C@H](N[*])C([*])=O,[*]NCC([*])=O,[*]N[C@@H](Cc1c[nH]c2ccccc12)C([*])=O,OC1=CC=C(C[C@H](N[*])C([*])=O)C=C1,[*]N(C)[C@H](CC(O)=O)C([*])=O,[*]N(C)[C@@H](Cc1ccccc1)C([*])=O,6.732750027,-3.791504898,pIC50,pIC50
0368-0000-0171,DYLGWFdF,N-terminal,C18 diacid,gGlu-2xOEG,D,Y,L,G,W,F,D-NmeAsp,NmePhe,[*]N[C@@H](CC(O)=O)C([*])=O,OS(=O)(=O)OC1=CC=C(C[C@H](N[*])C([*])=O)C=C1,CC(C)C[C@H](N[*])C([*])=O,[*]NCC([*])=O,[*]N[C@@H](Cc1c[nH]c2ccccc12)C([*])=O,[*]N[C@@H](Cc1ccccc1)C([*])=O,[*]N(C)[C@H](CC(O)=O)C([*])=O,[*]N(C)[C@@H](Cc1ccccc1)C([*])=O,7.778325003,-4.283134492,pIC50,pIC50
0368-0000-0172,DYLGWAdF,N-terminal,C18 diacid,gGlu-2xOEG,D,Y,L,G,W,A,D-NmeAsp,NmePhe,[*]N[C@@H](CC(O)=O)C([*])=O,OS(=O)(=O)OC1=CC=C(C[C@H](N[*])C([*])=O)C=C1,CC(C)C[C@H](N[*])C([*])=O,[*]NCC([*])=O,[*]N[C@@H](Cc1c[nH]c2ccccc12)C([*])=O,C[C@H](N[*])C([*])=O,[*]N(C)[C@H](CC(O)=O)C([*])=O,[*]N(C)[C@@H](Cc1ccccc1)C([*])=O,9.190305641,-3.924465204,pIC50,pIC50
0368-0000-0174,EYLGWQdF,N-terminal,C18 diacid,gGlu-2xOEG,E,Y,L,G,W,Q,D-NmeAsp,NmePhe,[*]N[C@@H](CCC(O)=O)C([*])=O,OS(=O)(=O)OC1=CC=C(C[C@H](N[*])C([*])=O)C=C1,CC(C)C[C@H](N[*])C([*])=O,[*]NCC([*])=O,[*]N[C@@H](Cc1c[nH]c2ccccc12)C([*])=O,NC(=O)CC[C@H](N[*])C([*])=O,[*]N(C)[C@H](CC(O)=O)C([*])=O,[*]N(C)[C@@H](Cc1ccccc1)C([*])=O,10.01251249,-4.459211859,pIC50,pIC50
0368-0000-0173,EYLGWQdF,N-terminal,C18 diacid,gGlu-2xOEG,E,Y,L,G,W,Q,D-NmeAsp,F,[*]N[C@@H](CCC(O)=O)C([*])=O,OS(=O)(=O)OC1=CC=C(C[C@H](N[*])C([*])=O)C=C1,CC(C)C[C@H](N[*])C([*])=O,[*]NCC([*])=O,[*]N[C@@H](Cc1c[nH]c2ccccc12)C([*])=O,NC(=O)CC[C@H](N[*])C([*])=O,[*]N(C)[C@H](CC(O)=O)C([*])=O,[*]N[C@@H](Cc1ccccc1)C([*])=O,9.743041847,-4.564952359,pIC50,pIC50
0368-0000-0176,DYFGWAdF,N-terminal,C18 diacid,gGlu-2xOEG,D,Y,F,G,W,Nle,D-NmeAsp,NmePhe,[*]N[C@@H](CC(O)=O)C([*])=O,OS(=O)(=O)OC1=CC=C(C[C@H](N[*])C([*])=O)C=C1,[*]N[C@@H](Cc1ccccc1)C([*])=O,[*]NCC([*])=O,[*]N[C@@H](Cc1c[nH]c2ccccc12)C([*])=O,CCCC[C@H](N[*])C([*])=O,[*]N(C)[C@H](CC(O)=O)C([*])=O,[*]N(C)[C@@H](Cc1ccccc1)C([*])=O,10.18871551,-5.249440182,pIC50,pIC50
0368-0000-0180,DYAGWAdF,N-terminal,C18 diacid,gGlu-2xOEG,D,Y,A,G,W,Nle,D-NmeAsp,NmePhe,[*]N[C@@H](CC(O)=O)C([*])=O,OS(=O)(=O)OC1=CC=C(C[C@H](N[*])C([*])=O)C=C1,C[C@H](N[*])C([*])=O,[*]NCC([*])=O,[*]N[C@@H](Cc1c[nH]c2ccccc12)C([*])=O,CCCC[C@H](N[*])C([*])=O,[*]N(C)[C@H](CC(O)=O)C([*])=O,[*]N(C)[C@@H](Cc1ccccc1)C([*])=O,10.17037465,-6.56050941,pIC50,pIC50
0368-0000-0175,EYLGWAdF,N-terminal,C18 diacid,gGlu-2xOEG,E,Y,L,G,W,Nle,D-NmeAsp,NmePhe,[*]N[C@@H](CCC(O)=O)C([*])=O,OS(=O)(=O)OC1=CC=C(C[C@H](N[*])C([*])=O)C=C1,CC(C)C[C@H](N[*])C([*])=O,[*]NCC([*])=O,[*]N[C@@H](Cc1c[nH]c2ccccc12)C([*])=O,CCCC[C@H](N[*])C([*])=O,[*]N(C)[C@H](CC(O)=O)C([*])=O,[*]N(C)[C@@H](Cc1ccccc1)C([*])=O,10.20317136,-5.611425195,pIC50,pIC50
0368-0000-0177,DYSGWAdF,N-terminal,C18 diacid,gGlu-2xOEG,D,Y,S,G,W,Nle,D-NmeAsp,NmePhe,[*]N[C@@H](CC(O)=O)C([*])=O,OS(=O)(=O)OC1=CC=C(C[C@H](N[*])C([*])=O)C=C1,[*]N[C@@H](CO)C([*])=O,[*]NCC([*])=O,[*]N[C@@H](Cc1c[nH]c2ccccc12)C([*])=O,CCCC[C@H](N[*])C([*])=O,[*]N(C)[C@H](CC(O)=O)C([*])=O,[*]N(C)[C@@H](Cc1ccccc1)C([*])=O,10.23797199,-5.32348929,pIC50,pIC50
0368-0000-0178,DYIGWAdF,N-terminal,C18 diacid,gGlu-2xOEG,D,Y,I,G,W,Nle,D-NmeAsp,NmePhe,[*]N[C@@H](CC(O)=O)C([*])=O,OS(=O)(=O)OC1=CC=C(C[C@H](N[*])C([*])=O)C=C1,CC[C@H](C)[C@H](N[*])C([*])=O,[*]NCC([*])=O,[*]N[C@@H](Cc1c[nH]c2ccccc12)C([*])=O,CCCC[C@H](N[*])C([*])=O,[*]N(C)[C@H](CC(O)=O)C([*])=O,[*]N(C)[C@@H](Cc1ccccc1)C([*])=O,10.24828477,-6.473574562,pIC50,pIC50
0368-0000-0179,DYHGWAdF,N-terminal,C18 diacid,gGlu-2xOEG,D,Y,H,G,W,Nle,D-NmeAsp,NmePhe,[*]N[C@@H](CC(O)=O)C([*])=O,OS(=O)(=O)OC1=CC=C(C[C@H](N[*])C([*])=O)C=C1,[*]N[C@@H](CC1=CNC=N1)C([*])=O,[*]NCC([*])=O,[*]N[C@@H](Cc1c[nH]c2ccccc12)C([*])=O,CCCC[C@H](N[*])C([*])=O,[*]N(C)[C@H](CC(O)=O)C([*])=O,[*]N(C)[C@@H](Cc1ccccc1)C([*])=O,10.28113862,-5.04564491,pIC50,pIC50
0368-0000-0165,EYLGWAdF,N-terminal,C14 diacid,gGlu-2xOEG,E,Y,L,G,W,Nle,D-NmeAsp,NmePhe,[*]N[C@@H](CCC(O)=O)C([*])=O,OS(=O)(=O)OC1=CC=C(C[C@H](N[*])C([*])=O)C=C1,CC(C)C[C@H](N[*])C([*])=O,[*]NCC([*])=O,[*]N[C@@H](Cc1c[nH]c2ccccc12)C([*])=O,CCCC[C@H](N[*])C([*])=O,[*]N(C)[C@H](CC(O)=O)C([*])=O,[*]N(C)[C@@H](Cc1ccccc1)C([*])=O,9.73189027,-5.912194928,pIC50,pIC50
0368-0000-0166,EYLGWAdF,N-terminal,C20 diacid,gGlu-2xOEG,E,Y,L,G,W,Nle,D-NmeAsp,NmePhe,[*]N[C@@H](CCC(O)=O)C([*])=O,OS(=O)(=O)OC1=CC=C(C[C@H](N[*])C([*])=O)C=C1,CC(C)C[C@H](N[*])C([*])=O,[*]NCC([*])=O,[*]N[C@@H](Cc1c[nH]c2ccccc12)C([*])=O,CCCC[C@H](N[*])C([*])=O,[*]N(C)[C@H](CC(O)=O)C([*])=O,[*]N(C)[C@@H](Cc1ccccc1)C([*])=O,10.33945072,-6.370760346,pIC50,pIC50
0368-0000-0162,DYLGWAdF,N-terminal,C18 diacid,3xgGlu,D,Y,L,G,W,Nle,D-NmeAsp,NmePhe,[*]N[C@@H](CC(O)=O)C([*])=O,OS(=O)(=O)OC1=CC=C(C[C@H](N[*])C([*])=O)C=C1,CC(C)C[C@H](N[*])C([*])=O,[*]NCC([*])=O,[*]N[C@@H](Cc1c[nH]c2ccccc12)C([*])=O,CCCC[C@H](N[*])C([*])=O,[*]N(C)[C@H](CC(O)=O)C([*])=O,[*]N(C)[C@@H](Cc1ccccc1)C([*])=O,10.03410874,-6.667292294,pIC50,pIC50
0368-0000-0163,DFLGWAdF,N-terminal,C14 diacid,gGlu-2xOEG,D,F.sulfomethyl,L,G,W,Nle,D-NmeAsp,NmePhe,[*]N[C@@H](CC(O)=O)C([*])=O,[*]N[C@@H](Cc1ccc(CS(=O)(=O)O)cc1)C([*])=O,CC(C)C[C@H](N[*])C([*])=O,[*]NCC([*])=O,[*]N[C@@H](Cc1c[nH]c2ccccc12)C([*])=O,CCCC[C@H](N[*])C([*])=O,[*]N(C)[C@H](CC(O)=O)C([*])=O,[*]N(C)[C@@H](Cc1ccccc1)C([*])=O,9.804100348,-4.245396871,pIC50,pIC50
0368-0000-0164,DFLGWAdF,N-terminal,C20 diacid,gGlu-2xOEG,D,F.sulfomethyl,L,G,W,Nle,D-NmeAsp,NmePhe,[*]N[C@@H](CC(O)=O)C([*])=O,[*]N[C@@H](Cc1ccc(CS(=O)(=O)O)cc1)C([*])=O,CC(C)C[C@H](N[*])C([*])=O,[*]NCC([*])=O,[*]N[C@@H](Cc1c[nH]c2ccccc12)C([*])=O,CCCC[C@H](N[*])C([*])=O,[*]N(C)[C@H](CC(O)=O)C([*])=O,[*]N(C)[C@@H](Cc1ccccc1)C([*])=O,10.3799681,-4.810509686,pIC50,pIC50
0368-0000-0167,DYLGWAdF,N-terminal,C18 diacid,none,D,Y,L,G,W,Nle,D-NmeAsp,NmePhe,[*]N[C@@H](CC(O)=O)C([*])=O,OS(=O)(=O)OC1=CC=C(C[C@H](N[*])C([*])=O)C=C1,CC(C)C[C@H](N[*])C([*])=O,[*]NCC([*])=O,[*]N[C@@H](Cc1c[nH]c2ccccc12)C([*])=O,CCCC[C@H](N[*])C([*])=O,[*]N(C)[C@H](CC(O)=O)C([*])=O,[*]N(C)[C@@H](Cc1ccccc1)C([*])=O,9.962892367,-5.111670711,pIC50,pIC50
0368-0000-0168,EYLGWAdF,N-terminal,C16 diacid,gGlu-2xOEG,E,Y,L,G,W,Nle,D-NmeAsp,NmePhe,[*]N[C@@H](CCC(O)=O)C([*])=O,OS(=O)(=O)OC1=CC=C(C[C@H](N[*])C([*])=O)C=C1,CC(C)C[C@H](N[*])C([*])=O,[*]NCC([*])=O,[*]N[C@@H](Cc1c[nH]c2ccccc12)C([*])=O,CCCC[C@H](N[*])C([*])=O,[*]N(C)[C@H](CC(O)=O)C([*])=O,[*]N(C)[C@@H](Cc1ccccc1)C([*])=O,10.00262818,-6.230745791,pIC50,pIC50
0368-0000-0157,DYLGWAdF,N-terminal,C18 diacid,2xgGlu-2xOEG,D,Y,L,G,W,Nle,D-NmeAsp,NmePhe,[*]N[C@@H](CC(O)=O)C([*])=O,OS(=O)(=O)OC1=CC=C(C[C@H](N[*])C([*])=O)C=C1,CC(C)C[C@H](N[*])C([*])=O,[*]NCC([*])=O,[*]N[C@@H](Cc1c[nH]c2ccccc12)C([*])=O,CCCC[C@H](N[*])C([*])=O,[*]N(C)[C@H](CC(O)=O)C([*])=O,[*]N(C)[C@@H](Cc1ccccc1)C([*])=O,9.980167403,-6.185872318,pIC50,pIC50
0368-0000-0159,DYLGWAdF,N-terminal,C18 diacid,2xOEG,D,Y,L,G,W,Nle,D-NmeAsp,NmePhe,[*]N[C@@H](CC(O)=O)C([*])=O,OS(=O)(=O)OC1=CC=C(C[C@H](N[*])C([*])=O)C=C1,CC(C)C[C@H](N[*])C([*])=O,[*]NCC([*])=O,[*]N[C@@H](Cc1c[nH]c2ccccc12)C([*])=O,CCCC[C@H](N[*])C([*])=O,[*]N(C)[C@H](CC(O)=O)C([*])=O,[*]N(C)[C@@H](Cc1ccccc1)C([*])=O,10.36264371,-6.11337769,pIC50,pIC50
0368-0000-0160,DYLGWAdF,N-terminal,C18 diacid,gGlu-4xOEG,D,Y,L,G,W,Nle,D-NmeAsp,NmePhe,[*]N[C@@H](CC(O)=O)C([*])=O,OS(=O)(=O)OC1=CC=C(C[C@H](N[*])C([*])=O)C=C1,CC(C)C[C@H](N[*])C([*])=O,[*]NCC([*])=O,[*]N[C@@H](Cc1c[nH]c2ccccc12)C([*])=O,CCCC[C@H](N[*])C([*])=O,[*]N(C)[C@H](CC(O)=O)C([*])=O,[*]N(C)[C@@H](Cc1ccccc1)C([*])=O,10.15432329,-6.322089026,pIC50,pIC50
0368-0000-0161,DYLGWAdF,N-terminal,C18 diacid,gGlu-2xOEG-gGlu,D,Y,L,G,W,Nle,D-NmeAsp,NmePhe,[*]N[C@@H](CC(O)=O)C([*])=O,OS(=O)(=O)OC1=CC=C(C[C@H](N[*])C([*])=O)C=C1,CC(C)C[C@H](N[*])C([*])=O,[*]NCC([*])=O,[*]N[C@@H](Cc1c[nH]c2ccccc12)C([*])=O,CCCC[C@H](N[*])C([*])=O,[*]N(C)[C@H](CC(O)=O)C([*])=O,[*]N(C)[C@@H](Cc1ccccc1)C([*])=O,10.05815329,-6.42256565,pIC50,pIC50
0368-0000-0210,EYLGWMdF,N-terminal,C18 diacid,gGlu-2xOEG,E,Y.u,L,G,W,M,D-NmeAsp,NmePhe,[*]N[C@@H](CCC(O)=O)C([*])=O,OC1=CC=C(C[C@H](N[*])C([*])=O)C=C1,CC(C)C[C@H](N[*])C([*])=O,[*]NCC([*])=O,[*]N[C@@H](Cc1c[nH]c2ccccc12)C([*])=O,CSCC[C@H](N[*])C([*])=O,[*]N(C)[C@H](CC(O)=O)C([*])=O,[*]N(C)[C@@H](Cc1ccccc1)C([*])=O,8.632457726,-4.441411417,pIC50,pIC50
0368-0000-0217,DYLGWAdF,N-terminal,C18 diacid,gGlu-2xOEG,D,Y,L,G,W,Hpg,D-NmeAsp,NmePhe,[*]N[C@@H](CC(O)=O)C([*])=O,OS(=O)(=O)OC1=CC=C(C[C@H](N[*])C([*])=O)C=C1,CC(C)C[C@H](N[*])C([*])=O,[*]NCC([*])=O,[*]N[C@@H](Cc1c[nH]c2ccccc12)C([*])=O,[*]N[C@@H](CCC#C)C([*])=O,[*]N(C)[C@H](CC(O)=O)C([*])=O,[*]N(C)[C@@H](Cc1ccccc1)C([*])=O,10.36014843,-6.091068406,pIC50,pIC50
0368-0000-0218,DYLGWAdF,N-terminal,C18 diacid,gGlu-2xOEG,D,Y,L,G,W,Hpg,D-NmeAsp,F,[*]N[C@@H](CC(O)=O)C([*])=O,OS(=O)(=O)OC1=CC=C(C[C@H](N[*])C([*])=O)C=C1,CC(C)C[C@H](N[*])C([*])=O,[*]NCC([*])=O,[*]N[C@@H](Cc1c[nH]c2ccccc12)C([*])=O,[*]N[C@@H](CCC#C)C([*])=O,[*]N(C)[C@H](CC(O)=O)C([*])=O,[*]N[C@@H](Cc1ccccc1)C([*])=O,10.21734825,-4.383524486,pIC50,pIC50
0368-0000-0211,DYMGWMdF,N-terminal,C18 diacid,gGlu-2xOEG,D,Y.u,M,G,W,M,D-NmeAsp,NmePhe,[*]N[C@@H](CC(O)=O)C([*])=O,OC1=CC=C(C[C@H](N[*])C([*])=O)C=C1,CSCC[C@H](N[*])C([*])=O,[*]NCC([*])=O,[*]N[C@@H](Cc1c[nH]c2ccccc12)C([*])=O,CSCC[C@H](N[*])C([*])=O,[*]N(C)[C@H](CC(O)=O)C([*])=O,[*]N(C)[C@@H](Cc1ccccc1)C([*])=O,8.469800302,-4.791558644,pIC50,pIC50
0368-0000-0216,DYLGWAdF,N-terminal,C18 diacid,gGlu-2xOEG,D,Y.u,L,G,W,Hpg,D-NmeAsp,NmePhe,[*]N[C@@H](CC(O)=O)C([*])=O,OC1=CC=C(C[C@H](N[*])C([*])=O)C=C1,CC(C)C[C@H](N[*])C([*])=O,[*]NCC([*])=O,[*]N[C@@H](Cc1c[nH]c2ccccc12)C([*])=O,[*]N[C@@H](CCC#C)C([*])=O,[*]N(C)[C@H](CC(O)=O)C([*])=O,[*]N(C)[C@@H](Cc1ccccc1)C([*])=O,8.659555885,-4.652572401,pIC50,pIC50
0368-0000-0199,DYLGWAdF,N-terminal,C18 diacid,gGlu-2xOEG,D,Y.u,L,G,W,Nle,D-NmeAsp,F,[*]N[C@@H](CC(O)=O)C([*])=O,OC1=CC=C(C[C@H](N[*])C([*])=O)C=C1,CC(C)C[C@H](N[*])C([*])=O,[*]NCC([*])=O,[*]N[C@@H](Cc1c[nH]c2ccccc12)C([*])=O,CCCC[C@H](N[*])C([*])=O,[*]N(C)[C@H](CC(O)=O)C([*])=O,[*]N[C@@H](Cc1ccccc1)C([*])=O,7.789280284,-3.903733219,pIC50,pIC50
0368-0000-0201,EYKGWAdF,28K,C18 diacid,gGlu-2xOEG,E,Y.u,K,G,W,Nle,D-NmeAsp,NmePhe,[*]N[C@@H](CCC(O)=O)C([*])=O,OC1=CC=C(C[C@H](N[*])C([*])=O)C=C1,[*]N[C@@H](CCCCN)C([*])=O,[*]NCC([*])=O,[*]N[C@@H](Cc1c[nH]c2ccccc12)C([*])=O,CCCC[C@H](N[*])C([*])=O,[*]N(C)[C@H](CC(O)=O)C([*])=O,[*]N(C)[C@@H](Cc1ccccc1)C([*])=O,8.464515997,-4.725265015,pIC50,pIC50
0368-0000-0198,EYLGWAdF,N-terminal,C18 diacid,gGlu-2xOEG,E,Y.u,L,G,W,Nle,D-NmeAsp,NmePhe,[*]N[C@@H](CCC(O)=O)C([*])=O,OC1=CC=C(C[C@H](N[*])C([*])=O)C=C1,CC(C)C[C@H](N[*])C([*])=O,[*]NCC([*])=O,[*]N[C@@H](Cc1c[nH]c2ccccc12)C([*])=O,CCCC[C@H](N[*])C([*])=O,[*]N(C)[C@H](CC(O)=O)C([*])=O,[*]N(C)[C@@H](Cc1ccccc1)C([*])=O,8.752026734,-4.765989182,pIC50,pIC50
0368-0000-0202,DYKGWAdF,28K,C18 diacid,gGlu-2xOEG,D,Y.u,K,G,W,Nle,D-NmeAsp,F,[*]N[C@@H](CC(O)=O)C([*])=O,OC1=CC=C(C[C@H](N[*])C([*])=O)C=C1,[*]N[C@@H](CCCCN)C([*])=O,[*]NCC([*])=O,[*]N[C@@H](Cc1c[nH]c2ccccc12)C([*])=O,CCCC[C@H](N[*])C([*])=O,[*]N(C)[C@H](CC(O)=O)C([*])=O,[*]N[C@@H](Cc1ccccc1)C([*])=O,7.283829652,-4.153322762,pIC50,pIC50
0368-0000-0126,DYLGWAPF,N-terminal,C18 diacid,gGlu-2xOEG,D,Y,L,G,W,Nle,Hyp,NmePhe,[*]N[C@@H](CC(O)=O)C([*])=O,OS(=O)(=O)OC1=CC=C(C[C@H](N[*])C([*])=O)C=C1,CC(C)C[C@H](N[*])C([*])=O,[*]NCC([*])=O,[*]N[C@@H](Cc1c[nH]c2ccccc12)C([*])=O,CCCC[C@H](N[*])C([*])=O,[*]N1C[C@@H](C[C@H]1C([*])=O)O,[*]N(C)[C@@H](Cc1ccccc1)C([*])=O,7.918172809,-5.091318431,pIC50,pIC50
0368-0000-0132,DFAGWAdF,N-terminal,C18 diacid,gGlu-2xOEG-Lys-OEG,D,F.sulfomethyl,Nle,G,W,Nle,D-NmeAsp,NmePhe,[*]N[C@@H](CC(O)=O)C([*])=O,[*]N[C@@H](Cc1ccc(CS(=O)(=O)O)cc1)C([*])=O,CCCC[C@H](N[*])C([*])=O,[*]NCC([*])=O,[*]N[C@@H](Cc1c[nH]c2ccccc12)C([*])=O,CCCC[C@H](N[*])C([*])=O,[*]N(C)[C@H](CC(O)=O)C([*])=O,[*]N(C)[C@@H](Cc1ccccc1)C([*])=O,10.14241625,-5.275829029,pIC50,pIC50
0368-0000-0134,DYAGWAdF,EMPTY,EMPTY,EMPTY,D,Y.u,Nle,G,W,Nle,D-NmeAsp,NmePhe,[*]N[C@@H](CC(O)=O)C([*])=O,OC1=CC=C(C[C@H](N[*])C([*])=O)C=C1,CCCC[C@H](N[*])C([*])=O,[*]NCC([*])=O,[*]N[C@@H](Cc1c[nH]c2ccccc12)C([*])=O,CCCC[C@H](N[*])C([*])=O,[*]N(C)[C@H](CC(O)=O)C([*])=O,[*]N(C)[C@@H](Cc1ccccc1)C([*])=O,8.58435902,-4.666619907,pIC50,pIC50
0368-0000-0129,DYRGWAdF,N-terminal,C18 diacid,gGlu-2xOEG,D,Y,R,G,W,Nle,D-NmeAsp,NmePhe,[*]N[C@@H](CC(O)=O)C([*])=O,OS(=O)(=O)OC1=CC=C(C[C@H](N[*])C([*])=O)C=C1,NC(=N)NCCC[C@H](N[*])C([*])=O,[*]NCC([*])=O,[*]N[C@@H](Cc1c[nH]c2ccccc12)C([*])=O,CCCC[C@H](N[*])C([*])=O,[*]N(C)[C@H](CC(O)=O)C([*])=O,[*]N(C)[C@@H](Cc1ccccc1)C([*])=O,10.25588964,-6.026779753,pIC50,pIC50
0368-0000-0130,DYPGWAdF,N-terminal,C18 diacid,gGlu-2xOEG,D,Y,P,G,W,Nle,D-NmeAsp,NmePhe,[*]N[C@@H](CC(O)=O)C([*])=O,OS(=O)(=O)OC1=CC=C(C[C@H](N[*])C([*])=O)C=C1,[*]N1CCC[C@@H]1C([*])=O,[*]NCC([*])=O,[*]N[C@@H](Cc1c[nH]c2ccccc12)C([*])=O,CCCC[C@H](N[*])C([*])=O,[*]N(C)[C@H](CC(O)=O)C([*])=O,[*]N(C)[C@@H](Cc1ccccc1)C([*])=O,10.11034354,-5.244379192,pIC50,pIC50
0368-0000-0128,DYKGWAdF,N-terminal,C18 diacid,gGlu-2xOEG,D,Y,K,G,W,Nle,D-NmeAsp,NmePhe,[*]N[C@@H](CC(O)=O)C([*])=O,OS(=O)(=O)OC1=CC=C(C[C@H](N[*])C([*])=O)C=C1,[*]N[C@@H](CCCCN)C([*])=O,[*]NCC([*])=O,[*]N[C@@H](Cc1c[nH]c2ccccc12)C([*])=O,CCCC[C@H](N[*])C([*])=O,[*]N(C)[C@H](CC(O)=O)C([*])=O,[*]N(C)[C@@H](Cc1ccccc1)C([*])=O,10.00624056,-4.897337658,pIC50,pIC50
0368-0000-0147,DYLGWIdF,N-terminal,C18 diacid,gGlu-2xOEG,D,Y.u,L,G,W,I,D-NmeAsp,NmePhe,[*]N[C@@H](CC(O)=O)C([*])=O,OC1=CC=C(C[C@H](N[*])C([*])=O)C=C1,CC(C)C[C@H](N[*])C([*])=O,[*]NCC([*])=O,[*]N[C@@H](Cc1c[nH]c2ccccc12)C([*])=O,CC[C@H](C)[C@H](N[*])C([*])=O,[*]N(C)[C@H](CC(O)=O)C([*])=O,[*]N(C)[C@@H](Cc1ccccc1)C([*])=O,7.16653414,-4.705166506,pIC50,pIC50
0368-0000-0148,DYLGWQdF,N-terminal,C18 diacid,gGlu-2xOEG,D,Y.u,L,G,W,Q,D-NmeAsp,NmePhe,[*]N[C@@H](CC(O)=O)C([*])=O,OC1=CC=C(C[C@H](N[*])C([*])=O)C=C1,CC(C)C[C@H](N[*])C([*])=O,[*]NCC([*])=O,[*]N[C@@H](Cc1c[nH]c2ccccc12)C([*])=O,NC(=O)CC[C@H](N[*])C([*])=O,[*]N(C)[C@H](CC(O)=O)C([*])=O,[*]N(C)[C@@H](Cc1ccccc1)C([*])=O,7.235998318,-4.43277752,pIC50,pIC50
0368-0000-0149,DYLGWAdF,N-terminal,C18 diacid,gGlu-2xOEG,D,Y.u,L,G,W,Nle,D-NmeAsp,NmePhe,[*]N[C@@H](CC(O)=O)C([*])=O,OC1=CC=C(C[C@H](N[*])C([*])=O)C=C1,CC(C)C[C@H](N[*])C([*])=O,[*]NCC([*])=O,[*]N[C@@H](Cc1c[nH]c2ccccc12)C([*])=O,CCCC[C@H](N[*])C([*])=O,[*]N(C)[C@H](CC(O)=O)C([*])=O,[*]N(C)[C@@H](Cc1ccccc1)C([*])=O,8.985619488,-5.293395997,pIC50,pIC50
0368-0000-0150,DYKGWAdF,28K,C18 diacid,gGlu-2xOEG,D,Y.u,K,G,W,Nle,D-NmeAsp,NmePhe,[*]N[C@@H](CC(O)=O)C([*])=O,OC1=CC=C(C[C@H](N[*])C([*])=O)C=C1,[*]N[C@@H](CCCCN)C([*])=O,[*]NCC([*])=O,[*]N[C@@H](Cc1c[nH]c2ccccc12)C([*])=O,CCCC[C@H](N[*])C([*])=O,[*]N(C)[C@H](CC(O)=O)C([*])=O,[*]N(C)[C@@H](Cc1ccccc1)C([*])=O,8.572297555,-6.825261986,pIC50,pIC50
0368-0000-0146,DFAGWAdF,N-terminal,C18 diacid,gGlu-Tyr-2xOEG,D,F.sulfomethyl,Nle,G,W,Nle,D-NmeAsp,NmePhe,[*]N[C@@H](CC(O)=O)C([*])=O,[*]N[C@@H](Cc1ccc(CS(=O)(=O)O)cc1)C([*])=O,CCCC[C@H](N[*])C([*])=O,[*]NCC([*])=O,[*]N[C@@H](Cc1c[nH]c2ccccc12)C([*])=O,CCCC[C@H](N[*])C([*])=O,[*]N(C)[C@H](CC(O)=O)C([*])=O,[*]N(C)[C@@H](Cc1ccccc1)C([*])=O,10.37110044,-5.777630409,pIC50,pIC50
0368-0000-0220,DYLGWADF,N-terminal,C18 diacid,gGlu-2xOEG,D,Y,L,G,W,Nle,D,NmePhe,[*]N[C@@H](CC(O)=O)C([*])=O,OS(=O)(=O)OC1=CC=C(C[C@H](N[*])C([*])=O)C=C1,CC(C)C[C@H](N[*])C([*])=O,[*]NCC([*])=O,[*]N[C@@H](Cc1c[nH]c2ccccc12)C([*])=O,CCCC[C@H](N[*])C([*])=O,[*]N[C@@H](CC(O)=O)C([*])=O,[*]N(C)[C@@H](Cc1ccccc1)C([*])=O,10.06008158,-9.534468443,pIC50,pIC50
0368-0000-4079,DYLGWADF,EMPTY,EMPTY,EMPTY,D,Y,L,G,W,Nle,D,NmePhe,[*]N[C@@H](CC(O)=O)C([*])=O,OS(=O)(=O)OC1=CC=C(C[C@H](N[*])C([*])=O)C=C1,CC(C)C[C@H](N[*])C([*])=O,[*]NCC([*])=O,[*]N[C@@H](Cc1c[nH]c2ccccc12)C([*])=O,CCCC[C@H](N[*])C([*])=O,[*]N[C@@H](CC(O)=O)C([*])=O,[*]N(C)[C@@H](Cc1ccccc1)C([*])=O,9.880414225,-8.927382523,pIC50,pIC50